# .PCD v0.7 - Point Cloud Data file format
VERSION 0.7
FIELDS x y z intensity
SIZE 4 4 4 4
TYPE F F F F
COUNT 1 1 1 1
WIDTH 3597
HEIGHT 1
VIEWPOINT 0 0 0 1 0 0 0
POINTS 3597
DATA ascii
39.689056 3.7420385 -16.018599 10.146
33.057442 1.5617177 -13.084296 9.0270004
24.720669 2.3646691 -11.005648 10.147
10.770313 -0.55725455 -10.716843 7
10.779255 0.14158544 -10.575218 8.0045004
25.550472 0.39621344 -10.607381 8.1780005
23.48283 1.3455789 -10.449602 9.1470003
25.039227 2.3768804 -10.622663 10.1465
11.125732 -0.55779606 -10.099584 7
10.73352 -0.34104335 -10.090675 7
10.555115 0.12885752 -10.034023 8.0045004
25.602818 0.28876916 -10.07243 8.0225
23.521948 0.40082046 -10.109841 8.0200005
23.797688 1.3190284 -10.016109 9.1780005
24.138342 1.3311298 -10.384127 9.0200005
10.722557 1.7397734 -10.192034 11.002167
10.921436 2.2607694 -10.180146 12.020749
24.701363 2.3383634 -10.272141 10.177333
25.008932 2.187187 -10.301871 10.027
11.150539 -0.57588553 -9.9739971 7
11.200764 -0.42639074 -9.6515388 7
10.956503 0.14338648 -9.7814693 8.0025005
11.264765 0.10745308 -9.7439213 8.008625
24.611145 0.38656452 -9.8613892 8.1774998
10.958643 0.66032863 -9.7229662 9
11.26844 0.64585525 -9.7501249 9.0115004
11.098467 1.0514929 -9.8782425 9.6014004
11.370158 1.1899228 -9.6442776 10
23.555393 1.1662852 -9.8021822 9.0229998
23.744709 1.3062406 -9.7335443 9.0194998
10.798829 1.7164576 -9.9762764 11
10.932726 1.7038641 -9.7586727 11
11.289304 1.7295237 -9.7406244 11
10.977821 2.2327621 -9.7587528 12
24.646648 2.2446241 -9.737463 10.101999
25.124891 2.3265688 -9.7908373 10.019
10.741861 2.7138343 -9.7013855 13
11.007632 2.7587016 -9.7500763 13
11.11968 2.8149629 -9.856184 13
11.253308 2.8125167 -9.620718 13
11.362227 -0.83476281 -9.2650356 6
11.425354 -0.52566117 -9.3983297 7
11.101107 -0.36629337 -9.5756292 7
11.65943 -0.39213148 -9.2335443 7
11.52108 0.13577592 -9.3930902 8
11.636645 0.15755802 -9.2513256 8
11.513533 0.75125492 -9.4178391 9
11.632735 0.70774645 -9.2615519 9
11.417468 1.0518429 -9.3882771 9.6000004
24.178661 1.1776799 -9.5239315 9.0244999
11.559684 1.4536346 -9.3809395 10
11.67023 1.2637575 -9.2973366 10
24.046524 1.3315256 -9.5936089 9.1774998
11.06106 1.6915889 -9.5672369 11
11.468111 1.7458146 -9.3824453 11.006875
11.666436 1.8205913 -9.3025055 11
11.196406 2.2273128 -9.5478926 12
11.462293 2.1999023 -9.3826256 11.5
10.794307 2.6844912 -9.3896294 13.0285
11.182355 2.7571361 -9.5858259 13
11.408269 2.6894872 -9.3993196 12.333333
10.713571 3.1634557 -9.2776709 14.0315
11.185111 -0.91428083 -9.1569271 6
11.092434 -0.40774688 -8.8786545 7
11.470961 0.12769216 -8.9900255 8
11.626005 0.1364511 -8.9201803 8
11.486475 0.69859266 -8.9740982 9
11.662361 0.68389189 -8.9453068 9.0149994
11.538999 1.180676 -9.0649614 10
11.660529 1.1804643 -8.8102522 10
11.680824 1.4748417 -8.9548655 10
11.533622 1.7080203 -9.0794411 11
11.682392 1.7418867 -8.8576975 11
8.5013199 2.284951 -8.8663902 13.031
11.556076 2.2645502 -9.0896358 12
11.67137 2.2078052 -8.8953676 11.5
24.115475 2.0990155 -8.9948864 10.026
11.514635 2.7707379 -8.9655418 13
11.651605 2.6472917 -8.9272156 12
10.984492 3.156245 -8.8596697 14.0305
11.664769 2.9225984 -9.0137901 13
11.341587 -0.54212171 -8.651535 7
11.688495 -0.55043137 -8.5043097 7
11.493188 -0.37311634 -8.5561962 7
11.735924 0.14047687 -8.6060162 8.0002146
11.732397 0.7185452 -8.6140404 9.0036249
11.363954 0.82885349 -8.4927826 9.0005999
11.78356 1.180423 -8.5431585 10
11.840262 1.4612648 -8.6201391 10
11.791306 1.7450024 -8.6404943 11.0058
8.4757576 2.2422709 -8.5467291 13.0305
8.9053535 2.2921517 -8.4467535 13.031125
11.80624 2.2071714 -8.588089 11.294118
23.640619 2.242662 -8.5902605 10.1765
11.791114 2.6978486 -8.5371141 12.432714
10.740683 3.1727033 -8.771265 14.0335
10.997915 3.1646152 -8.6038818 14.0315
11.276089 3.1589048 -8.4584541 14.0295
11.837474 2.9489691 -8.5545435 12.142858
7.6280999 -0.98526424 -8.1716261 6
11.60717 -0.89375067 -8.236455 6
9.0828753 -0.71634793 -8.2044506 6
11.675652 -0.52565581 -8.0803709 7
11.73938 -0.30746692 -8.1655521 7
11.87498 0.14749072 -8.2602844 8.0118847
12.024675 0.25292194 -8.1222219 8.1520004
11.858422 0.717942 -8.2466164 9
11.471366 0.82460958 -8.1453485 9.0002499
11.943584 1.1818223 -8.2214909 10
12.02454 1.1826105 -8.0509491 10
11.97073 1.5603772 -8.3388929 10
12.041271 1.5013123 -8.1875067 10
11.901348 1.7172897 -8.3117943 11
12.029596 1.7659993 -8.1469002 11
11.964572 2.2124949 -8.2479877 11.222222
12.041392 2.2659371 -8.0477962 11.333333
11.943926 2.7886949 -8.0818329 13
12.043796 2.6447537 -8.0968008 12
11.045197 3.1721325 -8.2163486 14.032249
12.01408 2.9447186 -8.2028399 12.25
5.1664982 -0.80697638 -7.6880331 5
11.460695 -0.90500152 -7.9676108 6
11.750859 -0.87938356 -7.7150106 6
7.832036 -0.65854096 -7.8409753 6
9.369585 -0.7620371 -7.8954086 6
12.032662 -0.40996104 -7.9703035 7
11.901569 -0.36058486 -7.8097496 7
12.178997 -0.28741789 -7.7019172 7
11.738385 0.14415261 -7.859942 8.0002003
12.128388 0.19289424 -7.7961731 8
5.5734296 0.49313 -7.6259975 9
11.858452 0.71737498 -7.9297957 9.0003328
12.11637 0.70725441 -7.7734199 9
5.5732775 0.99004972 -7.6369934 10.5
11.713295 0.82774556 -7.9254112 9
12.092466 0.91227549 -7.9064736 9.1999998
5.5785613 1.4925752 -7.6413755 12
12.19209 1.3832171 -7.8508697 10
1.8508115 1.8108933 -7.648231 12.011
2.3429074 1.8797318 -7.8658938 12.0105
5.5855908 1.8328354 -7.6539159 13
12.210345 1.7861847 -7.7842674 11
12.115257 2.3104992 -7.8965931 12
11.411552 2.7812953 -7.6540442 13.0015
12.11487 2.7916157 -7.7460241 13
10.335057 3.1104169 -7.8150396 14.00275
11.297146 3.1783967 -7.7785931 14.03125
12.205327 2.922755 -7.7575974 13
5.3464012 -0.85666859 -7.3509364 5
7.0356722 -0.80334151 -7.567369 6
9.0134754 -1.0386608 -7.3098321 6
9.4820099 -1.0642927 -7.2195725 6
11.738403 -0.86735767 -7.417778 6
5.2501984 -0.7795186 -7.2470164 5
8.9524336 -0.75161624 -7.3536501 6
9.2717285 -0.73221326 -7.2448225 6
12.277162 -0.40077439 -7.2049422 7
12.32795 -0.35923836 -7.5013494 7
5.4752874 0.13195997 -7.3621321 8.0323
5.6655412 0.11976054 -7.2623892 8
12.261114 0.16115311 -7.3863478 8
12.502292 0.1270061 -7.2259984 8
5.5405269 0.51981735 -7.451828 9.333333
5.6727161 0.55284333 -7.3052931 9.375
12.240474 0.70050132 -7.4582686 9
12.47578 0.65959632 -7.2430024 9
5.5155568 1.0604945 -7.5026765 11
5.6785493 1.0121369 -7.3513961 10.714286
12.359256 0.9253242 -7.3724637 9.25
12.453355 0.96134424 -7.2243404 9.333333
5.5256162 1.3913351 -7.5234399 12
5.6917019 1.4213612 -7.3343658 12
12.344873 1.2665098 -7.4718018 10
12.444399 1.5473044 -7.3047776 10
1.0310359 1.6671423 -7.2569113 12.012
1.3839378 1.7455286 -7.4360766 12.0115
4.3358879 1.9362746 -7.238214 14.1645
5.5255303 1.7225682 -7.5315146 13
5.7014022 1.7677212 -7.3399191 13
6.2864046 1.8531711 -7.2283869 13.1595
12.319908 1.7421689 -7.4237823 11
12.419247 1.7926418 -7.2939653 11
5.9018064 2.1933963 -7.2308545 12.0045
6.1476407 2.1715431 -7.2696609 12
12.329328 2.2791557 -7.384233 11.571428
12.44092 2.269846 -7.2141023 11
5.9126678 2.6844132 -7.2593355 13.004499
12.280146 2.7809882 -7.3998289 13
10.50714 3.1154208 -7.4889612 14.002
11.569424 3.181061 -7.2063675 14.03
5.3854504 -0.83752841 -7.0927315 5
8.8117809 -1.0446209 -7.0645442 6
5.2788963 -0.49153471 -7.1204615 6
5.2774639 -0.18698958 -7.1184959 7
5.7172031 -0.22315381 -7.10607 7
12.177616 -0.3713147 -7.0295944 7
5.4403224 0.15637937 -7.1590757 8
5.7779365 0.094063543 -7.1109519 8
11.93445 0.21142662 -7.1022768 8.0752506
12.308934 0.14668152 -7.0300288 8
12.534163 0.13267826 -6.9464149 8
5.7864494 0.56684762 -7.1159248 9.3999996
11.933789 0.72437137 -7.0359874 9.1502495
12.54331 0.69751841 -7.0489435 9
5.7914705 1.008956 -7.1400609 10.75
12.590647 0.87565076 -7.0552297 9.090909
5.8041573 1.4030823 -7.1239829 12
12.370122 1.5279884 -7.0634093 10
12.529388 1.4251958 -7.0260873 10.012458
0.020583153 1.8558909 -6.800837 13.0135
0.44417381 1.9179837 -6.9223428 13.01275
4.467967 1.9385242 -7.1689324 14.164
4.8295269 1.934042 -6.9067702 14.1625
5.4000239 1.9307123 -6.9099269 14.0345
5.819221 1.7397673 -7.0992794 13.04
12.284855 1.706795 -7.1248116 11
12.518193 1.8241138 -6.9730458 11
12.314302 2.2436929 -7.1092014 12
12.517361 2.2615578 -7.0158448 11.166667
5.9834609 2.6514609 -7.1584802 13
6.1295953 2.6486123 -6.8147025 13.003499
12.388864 2.7986839 -7.1856599 13
12.476444 2.7682307 -6.9679804 13
5.6834121 3.0883896 -6.9554543 14
11.785893 3.1646159 -6.9916916 14.007375
12.561439 2.8989413 -6.9391923 12.5
7.6782112 -0.8731662 -6.437716 5
9.0137653 -1.0381607 -6.4581118 6
5.3552141 -0.47048372 -6.615994 6
12.781681 -0.57257628 -6.4049954 7
12.121542 -0.33935887 -6.7626505 7
12.548573 -0.39608639 -6.613996 7
6.0701742 0.071708813 -6.6276875 8.0354996
12.146552 0.1877244 -6.6735229 8
12.550664 0.14377737 -6.5997024 8.0014505
-0.40744877 0.62385714 -6.4024792 9.5137501
6.2835274 0.59781873 -6.4659319 9.5
12.621033 0.766954 -6.4291582 9
12.855335 0.6700626 -6.6012173 9
12.874519 0.84732819 -6.5811882 9
12.573157 1.5351493 -6.6274109 10
12.872207 1.2355912 -6.5925913 10
0.58499336 1.9359683 -6.5358701 13.011499
0.80420017 1.9205557 -6.662745 13.0115
3.129082 1.9671413 -6.6881566 15.1675
3.4221096 1.9719985 -6.5620909 15.16625
3.9785805 1.9734985 -6.6072659 15.0395
4.2451015 1.97728 -6.4915004 15.03675
4.987349 1.9256237 -6.7479095 14.16175
5.7313309 1.9389856 -6.6217079 14.0335
12.55416 1.7244833 -6.574214 11
12.616425 2.2482405 -6.622745 11.444445
9.230442 2.7703128 -6.576417 14.0015
10.664469 2.6961496 -6.7081456 12.1795
12.700347 2.7095683 -6.4982743 12.588875
10.1495 2.8599467 -6.7907224 14.0305
10.704109 2.9033732 -6.7087927 14.151
10.844238 3.1203148 -6.6993532 14.00025
11.774051 3.1744046 -6.6070294 14.028749
12.08481 3.1594729 -6.5451546 14
12.724007 2.8955512 -6.5749588 12.4
6.2811122 -0.83551455 -6.1197352 5.3333335
6.569519 -0.84794021 -6.0635414 5
7.0305662 -0.86707675 -6.1918731 5
6.2989025 -0.62689143 -6.0736675 5.8333335
8.3418522 -0.67268741 -6.0819335 6
12.692148 -0.46591264 -6.3033571 7
6.3370728 -0.29737934 -6.0758915 7
12.297564 -0.27219671 -6.1756592 7
12.717205 -0.39326477 -6.2388759 7
12.910449 -0.39396811 -6.0232105 7
-0.31408572 0.14456759 -6.0990276 8
6.3132558 0.15527745 -6.1155648 8.166667
12.393007 0.21913183 -6.0677357 8.0739994
12.484255 0.14976951 -6.3516455 8
12.945894 0.15722586 -6.3331871 8.0030003
-0.21618901 0.60133445 -6.0781565 9.4615383
6.3302908 0.59459746 -6.0801744 9.3000002
6.4739752 0.76861447 -6.0013313 10
12.65978 0.74543262 -6.1371579 9.007
12.88327 0.72514528 -6.130188 9.003417
-0.20609987 1.0449927 -6.1217051 10.836452
6.3464556 1.0656915 -6.0915022 10.3006
6.4677057 1.1082655 -6.0053844 11
6.3191381 1.3576072 -6.1081982 11.55611
6.4978209 1.4568797 -6.0311813 12
12.995862 1.2876829 -6.1872654 10.002277
3.8858342 1.9581088 -6.2381334 15.163999
4.0896025 1.9516481 -6.0783248 15.163
4.5213861 1.9738019 -6.2311974 15.035749
5.5135489 1.9284461 -6.3418732 14.1595
5.8136902 1.9341406 -6.1976967 14.07475
6.2828712 1.7757715 -6.1238017 12.866805
6.4332013 1.7536776 -6.1013489 11.857142
12.709421 1.751664 -6.2642517 11
12.813919 1.7279892 -6.0517015 11
4.45612 2.004945 -6.1140041 15.0375
6.2834954 2.2216845 -6.0364237 13.7
6.6420536 2.1900327 -6.1552925 12.667333
6.8030791 2.1599216 -6.0940194 12
12.692174 2.169513 -6.2698426 11.725833
12.86203 2.2770045 -6.1928482 11.336572
23.934292 2.0319781 -6.2049131 10.019
24.05307 2.1861095 -6.1334352 10.0155
6.2834125 2.6491477 -6.0185175 13
6.4640045 2.6403408 -6.0323172 13
12.841136 2.7489731 -6.1434269 13
11.006765 3.121294 -6.2376747 14.17925
11.966196 3.1712139 -6.0068474 14.0275
12.27904 3.159601 -6.1752472 14
12.904819 2.9365718 -6.1783147 12.25
-0.52009988 -1.1457952 -5.9097652 2
5.8636341 -0.85453188 -5.6620474 5
6.4263878 -0.90454334 -5.8045664 5
6.8082156 -0.84954178 -5.7985783 5
7.3292813 -0.86710399 -5.903595 5
5.1931276 -0.44489437 -5.640131 6
5.3162327 -0.53611171 -5.6657138 5.75
5.7682328 -0.59785587 -5.8501449 5.5
6.4194489 -0.57311332 -5.9487219 6
8.6070499 -0.65406519 -5.8433442 6
9.007453 -0.69685328 -5.7429409 6
13.049723 -0.46638829 -5.764801 7
5.1916652 -0.18188238 -5.6550288 7
5.4120998 -0.18884237 -5.7127743 7
5.8137617 -0.20086962 -5.8786864 7
6.4542799 -0.24143876 -5.9240532 7
12.539937 -0.3222661 -5.7129402 7
13.081266 -0.33773065 -5.7500401 7
-0.88128757 0.14417677 -5.6712685 8.0135002
5.1773996 0.21642819 -5.6471739 8.5
5.371222 0.24188113 -5.7097964 8.5714283
5.7554679 0.1834421 -5.8395538 8.3388338
6.0311651 0.086876132 -5.9180923 8.0325003
6.4629312 0.09338104 -5.958014 8
12.591827 0.20934908 -5.8191643 8.0102501
13.175398 0.13733503 -5.8784742 8.0264997
-0.018354893 0.60471964 -5.8066769 9.5
0.011231661 0.62921929 -5.7605491 9.5
4.7954588 0.63209194 -5.6011438 10.0055
5.1829019 0.61620957 -5.6474051 10
5.3594584 0.59826958 -5.6737208 9.8918753
5.7769227 0.66119987 -5.8106508 10.0125
6.4523945 0.59696746 -5.9397516 9.5
12.872009 0.74690866 -5.8568516 9
0.057248212 1.091131 -5.7913299 11
5.1739631 0.8847245 -5.6637702 11
5.4045477 0.95648628 -5.7046704 11.170143
5.7914643 0.95183164 -5.8239846 11.009999
6.019794 0.97844362 -5.9171009 11.0325
6.4769478 1.1076301 -5.97015 11
-0.59844255 1.3490438 -5.8658528 12.013249
6.4964604 1.4527721 -5.9701223 12
13.086324 1.3099667 -5.900259 10
-0.63822508 1.9491081 -5.8117366 14.013249
-0.32643175 1.9537286 -5.6028748 14.012
3.900018 1.9376602 -5.9539747 15.0085
4.5572109 1.9119134 -5.8214741 12.913445
5.0864286 1.932138 -5.8223715 14.52
12.933705 1.7781051 -5.7906065 11
5.4496164 2.1021543 -5.896904 14.505
5.8585086 2.0821211 -5.8167119 13.0825
6.1419587 2.158438 -5.9530997 13
6.6327376 2.2749813 -5.8611093 13.575429
6.866333 2.2494326 -5.6583862 13
13.03277 2.2547312 -5.7267213 11.577637
6.1066604 2.5437057 -5.9099364 13.6685
6.5798054 2.6122978 -5.8216128 13.5
13.013684 2.5815172 -5.8122082 12.5
6.1299086 3.0554495 -5.8870473 14.155
6.5479259 3.0914998 -5.9151769 15
12.034178 3.1730101 -5.8158927 14.027
12.503102 3.1595631 -5.7426934 14.006749
13.089146 2.9327245 -5.7417612 12.625
4.1143537 -0.82710624 -5.3795357 4
5.8894987 -0.82735044 -5.48417 5
6.6060677 -0.90379786 -5.562583 5
6.9739776 -0.86827946 -5.4214301 5
7.2930593 -0.85380656 -5.2143574 5
-1.1431336 -0.67023534 -5.2963181 5
4.2201405 -0.67843294 -5.2238636 5
4.6154795 -0.58858502 -5.3560958 5.318182
5.0232363 -0.55148429 -5.4736919 5.6666665
5.2021775 -0.49178925 -5.5888228 6
8.7610245 -0.66292763 -5.5789747 6
8.998167 -0.68564439 -5.4105129 6
-3.1378169 -0.26429179 -5.306798 6
4.5973845 -0.16919284 -5.3465409 7
5.0399308 -0.1799376 -5.5431218 7
13.230546 -0.32628685 -5.4214945 7
-0.44462347 0.14139792 -5.5158749 8.0120001
-0.33613539 0.14936882 -5.5031066 8.0115004
4.6123466 0.20636308 -5.3524933 8.53125
5.0232735 0.23576832 -5.5139732 8.5941429
13.331363 0.15998806 -5.2984033 8.0220003
-3.3349457 0.46892342 -5.2306552 10.009666
-3.1881237 0.4762947 -5.2951131 10.02825
0.099226236 0.62340289 -5.5673232 9.5
4.3890028 0.79104489 -5.2389588 11
4.5786986 0.62639338 -5.3495941 10.25
5.0000896 0.60033482 -5.5005612 10
13.385342 0.71180844 -5.252862 9.0109997
-3.3192909 0.92856061 -5.2379661 12.5
-3.1867321 0.94681877 -5.2932796 12.52825
4.3708992 1.0275438 -5.2059083 12
4.6087284 1.0499321 -5.3333969 11.94325
4.9457927 0.94216317 -5.4971972 11.332375
13.355755 1.2466949 -5.3809242 10
-0.47916174 1.9773692 -5.4509335 14.01175
-0.28923464 1.9821336 -5.3209844 14.011
3.0779891 1.9713775 -5.3947906 14.006
4.1633272 1.9236724 -5.4872198 15.0065
4.6966648 1.8966477 -5.314662 12.502749
5.1783338 1.9566568 -5.5513806 15.031
5.2015676 1.9865704 -5.5800347 15.033501
13.114922 1.7557386 -5.4380393 11
13.248344 1.7481101 -5.3940039 11
4.5897894 2.2258129 -5.3007083 13.803299
5.0424266 2.0376682 -5.5225773 15.0345
6.6860666 2.3805265 -5.3383098 15
6.9618082 2.2051332 -5.4837265 12.25
13.131321 2.2593808 -5.4497099 11.725499
13.342888 2.2560384 -5.25877 11
4.6251516 2.6952457 -5.2763152 14.502749
6.7467642 2.6242049 -5.460988 13.615385
13.167673 2.6842215 -5.4516592 12.8
13.241626 2.750324 -5.304934 13
6.2081885 3.1031749 -5.5077019 14.00125
6.5754647 3.0821717 -5.5663576 14.4
12.105879 3.1731458 -5.5734096 14.0265
12.671187 3.1651077 -5.3854098 14
13.11747 2.9276731 -5.514884 12.382376
3.8255637 -0.81246114 -5.0309877 4
4.2476149 -0.82584059 -4.8443489 4
4.6051235 -0.83288467 -5.0314689 4
4.8435607 -0.83653557 -4.8464422 4
6.1700087 -0.82724631 -5.056376 5
7.0271659 -0.90171331 -4.9269257 5
7.3970385 -0.85563999 -5.0926514 5
9.7822466 -0.87516642 -5.198245 6
-3.7498069 -0.41463697 -5.0317507 5
-3.4542408 -0.43196744 -5.1642447 5
-1.2467235 -0.6829769 -4.9756937 4.1999998
-1.0165514 -0.73547065 -4.9368224 3
-0.21516794 -0.74205202 -4.9753375 3
4.1590991 -0.57136667 -5.041326 5.5555558
-1.4820542 -0.11440215 -5.0514164 7
3.5818355 -0.25531572 -5.0381365 7
4.1203265 -0.21588524 -5.053421 6.8571429
13.393175 -0.3897869 -5.1014581 7
-3.6456478 0.19405934 -5.0844989 8.5
-3.541311 0.191953 -5.0148115 8.5099173
-0.2153039 0.14723969 -5.1826978 8.0105
3.4684708 0.13258165 -5.0303926 8.0017509
4.1352143 0.16603668 -5.0562139 8.3736105
-4.0608592 0.59419507 -4.8698807 10.875
-3.7947583 0.45527998 -5.0145292 10.016251
3.4975965 0.51862907 -5.0501142 9.00175
4.1197009 0.61936015 -5.0632114 10.102858
13.503948 0.71543872 -5.1052856 9.0107498
13.670265 0.75423259 -4.8236871 9
-4.0725403 0.96010423 -4.8853998 13
-3.7719522 0.98336101 -5.0305805 13
-3.5215511 0.81661701 -5.1105146 12
4.144949 1.0144639 -5.0656891 11.399555
-4.0712032 1.3172518 -4.9009051 14
-3.8431468 1.3180299 -4.9167213 14
3.1216793 1.430195 -4.8231487 14.256875
3.5160749 1.470627 -5.0324249 14.0065
4.1507225 1.369498 -5.0629845 12.7016
13.661131 1.2352543 -4.9297938 10
-1.2833424 1.9974359 -4.9787865 15.013249
-1.1302786 1.9959646 -4.8576374 15.0125
2.1806436 1.9494747 -4.9818373 13.00525
3.3518867 1.9726963 -5.0193481 14.0045
4.1802435 1.7514949 -5.0945807 13.752
13.271846 1.7650722 -5.061286 11
2.0415416 2.0072618 -4.8537288 15.00675
4.1829748 2.1811509 -5.077992 13.285714
6.8430414 2.3813512 -5.0038404 15
7.2663584 2.2287853 -4.9332466 12.5
13.407594 2.2413299 -4.9300284 11.571428
4.2023048 2.551971 -5.0955958 14.4
6.994585 2.6013584 -4.8803535 13.666667
13.371074 2.7553115 -5.0286417 13
4.586658 3.1664569 -5.0968027 15.0021
4.8784938 3.1678801 -4.8642869 15.00125
6.2677183 3.0016623 -5.0237174 14.50025
12.011115 2.9515831 -4.8110676 14.022
12.766538 3.164372 -5.1426716 14.009501
12.967792 3.1615384 -4.9032011 14
10.929676 3.2075593 -4.9917603 15.14725
0.065562248 -0.83851457 -4.575448 2
1.5639609 -0.80402887 -4.6820831 3
3.8081849 -0.83927834 -4.6191368 4.8000002
4.2235236 -0.81027287 -4.6304951 4
4.6136045 -0.83187878 -4.5864263 4
4.9523931 -0.84079868 -4.7853131 4
6.3333354 -0.82793379 -4.7968197 5
6.5064745 -0.82867515 -4.4988208 5
-1.2124878 -0.76632279 -4.6227627 3
-0.98673308 -0.76987308 -4.6918216 3
0.28066123 -0.76540029 -4.4409876 2
1.6331515 -0.77077198 -4.6319108 3
2.7188787 -0.5598222 -4.442101 4.7777777
3.0279505 -0.60318923 -4.5533342 4.8653846
3.3747921 -0.6770103 -4.6081734 5.1666665
-3.29615 -0.061263621 -4.669642 7
2.6728153 -0.18085748 -4.4215188 6.75
3.0876646 -0.20536681 -4.5860367 6.7611108
3.2151768 -0.24345627 -4.574419 6.5
3.6207893 -0.25201824 -4.7487698 7
10.631578 -0.27786282 -4.627202 7
-4.9703712 0.17069495 -4.4643736 8.333334
-4.61414 0.27521157 -4.6212301 9
-4.233871 0.28203329 -4.6658893 9.077733
-3.8250532 0.29562414 -4.4549379 9.25
-3.3060672 0.18211615 -4.6717186 8.507
2.6800551 0.21621004 -4.4399929 8.833334
3.0711889 0.17542173 -4.5920768 8.4857903
3.2837944 0.14786844 -4.6538453 8.2775002
3.7190502 0.13149936 -4.6131186 8.0009995
-4.9046631 0.51598209 -4.4976149 10.5
-4.6704659 0.4918862 -4.6090808 10.333333
-4.2308927 0.65177149 -4.7428403 11.288667
-3.77686 0.60861045 -4.4846091 11.256101
-3.3159423 0.59361511 -4.6703305 11.0285
2.6789899 0.59753931 -4.4383135 10.946969
3.0418386 0.57486415 -4.5866542 10.51834
3.2970793 0.5459345 -4.6578817 9.8041048
3.7023933 0.5150094 -4.6586852 9
13.776569 0.75893486 -4.5463991 9
-4.8886094 0.84055525 -4.5100298 12.5
-4.6168494 0.84859341 -4.6357694 12.5
-4.3440709 0.94494128 -4.764679 13
-3.808073 1.119626 -4.4631271 13.5
2.7119763 0.96015483 -4.4391298 12.333333
3.0725174 0.94559765 -4.6147075 12.064583
3.2393091 0.99098241 -4.6077886 12.230212
13.713067 1.1986865 -4.477634 10
-4.8902826 1.2593906 -4.5215125 14
-4.6195297 1.2730532 -4.6447515 14
-4.3431897 1.2938942 -4.7762823 14
-3.8038273 1.2904569 -4.7708545 14.031501
-3.4191203 1.2598674 -4.6409178 14.029125
2.6841595 1.4349842 -4.4719334 13.388124
3.1490221 1.3680397 -4.6357784 12.735766
3.2210617 1.5374335 -4.6129813 14
13.48468 1.5561318 -4.6107817 10.0701
13.749825 1.243735 -4.6321902 10
-0.97932577 1.9945611 -4.7308102 15.01175
3.0231898 1.8000042 -4.5727363 12.546273
3.3561547 1.9366299 -4.7448616 14.0025
13.488928 1.7182738 -4.6162539 11
-1.0543954 2.0191312 -4.4898601 15.011001
2.1561623 2.0040474 -4.6861157 15.006
3.0322478 2.1974609 -4.5580001 14.000856
3.3398898 2.2239959 -4.6991129 13.875875
7.0782709 2.3076622 -4.6941895 14
7.3539219 2.2100468 -4.641078 12.464277
13.49122 2.2566702 -4.6909719 11.764428
13.643967 2.2824378 -4.5861597 11.07
2.9490709 2.5958509 -4.5230103 14.503
7.1189017 2.6088657 -4.6076374 13.666667
7.227427 2.675667 -4.4280996 13
13.521892 2.7670524 -4.6978574 13
4.6917996 3.1919782 -4.7044134 15.00125
5.0473828 3.1729887 -4.5894151 15.0005
5.5084062 2.834717 -4.5423632 14
6.266284 2.909281 -4.7056155 15.1795
6.7570453 3.1047595 -4.4508243 14
7.0522718 3.0850909 -4.5659194 14.4
11.725609 2.8958633 -4.5426202 14.0185
13.016674 3.1669438 -4.7058578 14.048333
11.111829 3.2114463 -4.6099248 15.14625
-0.75935936 -0.83763671 -4.2804527 2
-0.36434364 -0.81711841 -4.0251007 1
0.69035268 -0.82211417 -4.1043415 2
2.7757597 -0.80045557 -4.0499544 3
3.1753383 -0.81234187 -4.0753145 3
3.8186285 -0.85704839 -4.3705378 4
4.0643477 -0.84365797 -4.2167325 4.6666665
4.6198139 -0.81783479 -4.2642517 4
4.9049239 -0.82868582 -4.190125 4
5.2118459 -0.83043259 -4.3712125 4
7.9771795 -0.93831527 -4.0772018 5
8.0626392 -0.93535769 -4.2422233 5.5
9.1052027 -0.80639946 -4.170084 6
-3.5956445 -0.46052706 -4.0424309 4
-1.9483356 -0.75168204 -4.1407766 4
-1.043293 -0.73776841 -4.1280146 2
-0.56074035 -0.73820788 -4.1439347 2
-0.17619374 -0.7308653 -4.1034441 2
0.10907942 -0.75079256 -4.1645403 2
0.75635147 -0.7725457 -4.1487818 4
1.5260456 -0.64789402 -4.0166292 3.2
1.8813889 -0.58782917 -4.1425943 3.90625
2.1526861 -0.56849045 -4.1741128 4.7062502
2.5363028 -0.58660847 -4.293159 4.469697
2.842171 -0.72555715 -4.3621249 3.5
3.701061 -0.79334223 -4.2489023 4
8.1120605 -0.66953683 -4.1653256 6
9.1805782 -0.63162398 -4.0358167 6
-5.2441239 -0.21917538 -4.3398294 5.833333
-3.9222634 -0.15625997 -4.325954 6.25
-3.2876601 -0.34271407 -4.2197323 5
1.5386376 -0.2966747 -4.0066752 5.5
1.9000961 -0.21005604 -4.0797396 6.3076925
2.1714644 -0.1822271 -4.1709085 6.6111112
2.5841212 -0.25412372 -4.3447313 6.3428574
-5.2165399 0.19901574 -4.3489099 8.5
-4.9042621 0.11431794 -4.0269737 8.0389996
-4.1169381 0.10537211 -4.178309 8.022583
-3.8869691 0.10337487 -4.2880754 8
1.5314116 0.074307844 -4.0098176 8
1.8959773 0.16031501 -4.0706916 8.6068935
2.1689296 0.19217417 -4.1731873 8.697916
2.5405231 0.20477192 -4.3476009 8.583334
-5.2177868 0.63440877 -4.3542318 11.25
1.5741241 0.58533013 -4.0617781 11.509
1.8629774 0.53087777 -4.0554366 10.905404
2.1760435 0.61149287 -4.1776838 11.245454
2.5325935 0.56172675 -4.3359218 10.636905
-5.2242556 1.1316476 -4.3465719 13.333333
1.5386326 1.1525606 -4.044426 14.009
1.8981044 0.97899115 -4.0700011 12.362466
2.1758952 1.0049617 -4.1930733 13.130117
2.5581045 0.91885406 -4.3524132 12.8
-5.2006121 1.2479367 -4.3746042 14
1.9294944 1.3354809 -4.0629516 13
2.1021569 1.2586697 -4.179904 14.002
2.4556785 1.3233271 -4.3223166 14
13.728636 1.5051297 -4.206872 10
14.000279 1.285015 -4.0830822 10
0.76566553 1.9830574 -4.2221117 14.006001
1.0391388 1.9692818 -4.3422365 14.00575
1.2216554 1.9569727 -4.0060172 14.0045
2.3620882 1.995404 -4.3381796 15.0045
2.4131694 1.9240992 -4.3999839 13.0035
13.686727 1.7305826 -4.1955938 11
2.6408348 2.1715047 -4.3568087 14.403399
7.1450081 2.3937693 -4.3593779 15
7.4959202 2.2659094 -4.2506657 13.353111
7.6371017 2.25933 -4.0802426 13.453893
13.768274 2.2230499 -4.1766653 11.271812
2.6754749 2.6298285 -4.3780541 15.003001
7.3089838 2.6030228 -4.1804008 13.669639
13.856008 2.7346592 -4.1034484 12.2
6.9786735 3.093538 -4.1724529 14
7.3160219 3.0956266 -4.1948042 15
11.477013 2.8175404 -4.3987994 14.0835
13.102257 3.1728737 -4.2329888 14.01125
13.231886 3.1719623 -4.1269789 14
13.800438 2.8163338 -4.1503444 13
-0.15401316 -0.81908643 -3.9277084 1
0.25531435 -0.8100813 -3.6261852 1
1.517499 -0.81099153 -3.7988973 5
2.1478131 -0.83292246 -3.8575516 4.1999998
3.0382977 -0.80553567 -3.8981502 3
3.3603096 -0.81446308 -3.8620415 3
3.6912236 -0.82119513 -3.6950231 3
4.1768723 -0.85445398 -3.8060832 4
4.9445143 -0.81668323 -3.810091 4
8.157732 -0.94757617 -3.9428375 5
-6.8287463 -0.41656899 -3.6063132 4.5
-6.6638556 -0.65791482 -3.6817288 3
-4.0346403 -0.65937847 -3.6430681 2
-3.7830956 -0.55130678 -3.667083 2.8888891
-3.5788293 -0.70612419 -3.8420167 2
-2.0347307 -0.54022938 -3.6537156 4.8000002
-1.2047391 -0.75368422 -3.7254331 2
-0.99147743 -0.7626965 -3.8532782 2
-0.54733127 -0.71980214 -3.7235446 1.2
-0.16563997 -0.76156473 -3.7925293 1
0.18632174 -0.76059443 -3.8643556 1.5
0.98935127 -0.62695199 -3.6923668 3.6312501
1.4709257 -0.63540381 -3.8449755 3.7444444
1.743458 -0.66136724 -3.8985558 3.3214285
2.1940558 -0.76357853 -3.8574953 3
3.0273638 -0.78908098 -3.7570832 3
3.9100361 -0.7941879 -3.9352741 4
8.1964693 -0.58185065 -3.9582818 6
9.5892286 -0.64842725 -3.9334638 6
-6.8107519 -0.093227364 -3.6131101 6.5
-6.5748367 -0.24145819 -3.7241564 5.583333
-2.0211263 -0.23034289 -3.6645193 6.25
-1.9285443 -0.15064847 -3.6158097 6.625
0.98675805 -0.21398084 -3.6529188 6.145833
1.4224905 -0.22366415 -3.8603277 6.1589742
1.6977186 -0.21976057 -3.9461887 6.2857141
-6.8006554 0.22613496 -3.618228 8.5
-6.5494547 0.22033945 -3.7353222 8.5
-4.6625133 0.11035776 -3.9202065 8.0375004
0.77145934 0.14497586 -3.6464009 9.0106668
0.96243393 0.14487641 -3.6324072 8.5454817
1.4315184 0.19897443 -3.8714633 8.9773331
1.6981899 0.15738519 -3.9497919 8.75
10.109015 0.13653658 -3.8042915 8.1241665
14.18203 0.17761514 -3.6021748 8
-6.8131542 0.54852718 -3.6133311 10.5
-6.5866613 0.51303667 -3.7198088 10.333333
0.70815301 0.46139035 -3.6411128 11.511
0.99726748 0.61956537 -3.6549554 11.054615
1.4226502 0.57445312 -3.8350885 11.669789
1.6679274 0.59604591 -3.9479725 10.655679
14.091313 0.75495416 -3.7064583 9
-6.6669607 0.86763507 -3.6861348 12.5
-5.2269464 1.1325227 -3.8768718 14.0415
0.70757079 0.85564852 -3.650362 13.511
1.0080665 0.96925116 -3.6640577 12.70647
1.4087623 0.96921766 -3.8397419 13.247846
1.6445005 1.007982 -3.968585 13.41725
-6.8010159 1.2967976 -3.6356595 14
-6.5423112 1.2774944 -3.756639 14
0.9867115 1.4310328 -3.6303823 12.769231
1.510651 1.3769785 -3.8677762 13.501666
13.879009 1.4408329 -3.755578 10
14.123929 1.2744153 -3.7296581 10
1.0038632 1.8061968 -3.6751068 13.667417
13.876657 1.7574648 -3.8115621 11
14.065729 1.7703865 -3.6335709 11
-0.12946443 2.0230491 -3.8720162 15.007001
0.15644026 2.0105677 -3.6684062 15.00575
1.5016918 2.1457791 -3.8276587 14.503499
1.6250329 2.0911403 -3.8990874 14.0035
7.7444677 2.2716475 -3.7767901 13.75
13.887447 2.216944 -3.7855623 11.666667
1.5988035 2.4235034 -3.8834977 15.0035
7.4861121 2.6302326 -3.8070862 13.527672
13.89396 2.7734165 -3.9358363 13
14.031863 2.7578709 -3.7151756 12.333333
3.7631412 2.8685505 -3.6647587 15
5.145 3.1831341 -3.742311 15
5.4244437 3.1640444 -3.8218756 15
7.0015702 3.0995626 -3.7552056 14
7.3651657 3.0927739 -3.8012791 14.4
10.241978 2.9088109 -3.7311716 15.145
13.322322 3.1763129 -3.8230743 14
13.986691 2.837503 -3.7616177 13
14.051583 2.8452115 -3.6186879 13
11.426043 3.2166317 -3.8256886 15.14425
-0.52337122 -0.81045413 -3.5938923 0
-0.32389736 -0.81100708 -3.4910727 0
1.3399054 -0.80334407 -3.3650436 2
1.8266199 -0.8168627 -3.3659339 5
2.3503146 -0.8457942 -3.5278463 5
2.5892723 -0.82564771 -3.3287919 3
3.5421271 -0.81241119 -3.5129538 3
3.7666392 -0.8149032 -3.299921 3
4.3049364 -0.85090393 -3.5339687 4
4.6495476 -0.83913755 -3.2501426 5
7.5769644 -0.88606793 -3.5978312 5
-7.5031247 -0.51115131 -3.2583373 4
-7.1207767 -0.54269528 -3.4478536 3.75
-4.0140629 -0.68638211 -3.2123716 1
-3.7396374 -0.70688069 -3.4205794 1.25
-3.4129338 -0.56633663 -3.5643637 2.6875
-0.9550581 -0.74426126 -3.3553474 1
-0.56169623 -0.70885205 -3.390285 1
-0.11292733 -0.6904164 -3.3872607 1.0555556
0.25129369 -0.58836251 -3.3712981 3.3364582
0.57681161 -0.58731896 -3.3785093 2.7544641
0.94753397 -0.58445293 -3.537715 3.7285714
1.3969017 -0.75484133 -3.3142619 3
1.8149658 -0.77753037 -3.535574 2
2.217026 -0.78688115 -3.3542633 2
2.5726752 -0.779998 -3.3493636 2.6666667
3.4512954 -0.79529786 -3.3377242 3
4.1810279 -0.79239768 -3.4075947 4
-7.6027212 -0.17519972 -3.2499621 6
-7.3813553 -0.063973226 -3.3546603 6.6666665
-7.1003876 -0.11897918 -3.4770033 6.3333335
-1.8599339 -0.23610699 -3.5614362 6.25
0.22555174 -0.22340173 -3.2634223 5.6541672
0.61744118 -0.2525112 -3.4538004 5.5230155
0.91951531 -0.21011566 -3.5436985 6.0236106
-7.6114092 0.24833411 -3.2479067 8.5
-7.3432798 0.24040842 -3.3688409 8.5
-7.0741348 0.23300624 -3.4924438 8.5
0.201297 0.20761886 -3.2594171 9.1962395
0.60680228 0.17935105 -3.4516978 8.9833336
0.92653942 0.17588125 -3.5580754 8.9630957
10.846806 0.15532744 -3.3406243 8.1735001
-7.6458588 0.76574916 -3.2334127 11.5
-7.4702864 0.58204675 -3.3119071 10.5
-7.0717878 0.56036913 -3.4946694 10.5
-5.0706697 0.55748755 -3.4693592 11.5
0.2181024 0.60892707 -3.2710266 11.694928
0.62085193 0.56408554 -3.4623704 11.85154
0.9285689 0.54851925 -3.5634928 10.879238
14.158329 0.738433 -3.4956532 9
-7.6132522 1.0253443 -3.2534904 13
-7.3418794 0.91408241 -3.3768525 12.5
-7.0724134 0.89298272 -3.5002685 12.5
-5.0506597 0.91886872 -3.4408934 13.333333
0.20735341 0.94338381 -3.2717676 12.078654
0.58806062 0.90633404 -3.4618635 13.064816
0.93239176 0.91401428 -3.5612791 13.407619
14.199168 0.82019663 -3.4065781 9
-7.6174831 1.3864802 -3.26209 14
-7.3421531 1.3520632 -3.3891265 14
-7.070178 1.3223491 -3.5164814 14
0.23542118 1.3860517 -3.2762666 14
0.98740941 1.2927216 -3.5784841 12
13.988373 1.4475442 -3.5166397 10
14.199512 1.4122404 -3.4129367 10
0.26239538 1.9938068 -3.4185941 15.004749
14.197297 1.772185 -3.4921312 11
-0.031505585 2.0404699 -3.5292287 15.00575
0.5603919 2.0491633 -3.3802948 15.004001
7.887291 2.244591 -3.464947 13.272727
8.0506268 2.1708164 -3.3456125 12
13.974294 2.1674943 -3.5783913 11.5
14.196932 2.1884325 -3.357142 11.428572
7.7093372 2.6533811 -3.3541293 13.133333
14.207298 2.7608733 -3.3642905 12
5.3986583 3.1722729 -3.411618 15
7.1358085 3.1007011 -3.3747985 14
7.4556642 3.0866985 -3.3362007 14
7.6790247 3.1254141 -3.3840876 15
13.363326 3.1810734 -3.4476206 14.005084
14.186296 2.8053412 -3.308408 13
1.7045012 -0.81006944 -2.9191432 2
2.0451007 -0.81986368 -3.0061102 5
2.8009284 -0.8248558 -2.9598854 3
4.5159702 -0.8464967 -3.0381858 4
-8.2402821 -0.54945844 -2.9622879 4
-7.5473051 -0.67289072 -3.1319461 3
-6.2297955 -0.66825825 -3.0354509 2
-4.8580494 -0.55214083 -2.870482 1.75
-3.8055782 -0.7028954 -2.8422363 0
-3.5067987 -0.70372897 -2.8175519 0
-2.8375251 -0.73524141 -3.0570099 3
-2.76894 -0.73593169 -3.0039694 3
-2.0600157 -0.56906569 -3.0159736 3
-1.9936326 -0.55792135 -2.8947322 2
-1.0380006 -0.58621424 -2.8833663 1.5
-0.58045 -0.58821863 -2.9909561 1.8222222
-0.19144139 -0.73550606 -3.0583556 1.8571428
0.21085621 -0.73431891 -3.0900009 0.33333334
0.56423068 -0.7597307 -2.8738408 0
0.96935844 -0.75975353 -2.9977727 0.875
1.4334168 -0.76413184 -3.0665033 2
1.719215 -0.77171713 -2.9463844 2
2.313529 -0.77657211 -3.1803565 2
2.6518159 -0.78674489 -3.0284412 2.1666667
2.9153633 -0.78711653 -2.9083273 2.5
3.6552653 -0.79521167 -3.063345 3
4.3493128 -0.79070342 -3.008358 4
5.9718308 -0.44550744 -2.9649036 6
6.0238352 -0.64583313 -3.0544815 5
-8.1362858 -0.18097126 -3.0076804 6
-7.9499984 -0.17854387 -3.0901418 6
-4.824635 -0.25753987 -2.8613961 4.5
-1.2673378 -0.39657825 -2.8153143 3
-0.92284584 -0.31018075 -2.8310184 3.7936509
-0.60895443 -0.24083351 -2.9026926 5.3161554
-0.18386561 -0.25461808 -3.104161 5.3540373
0.023061454 -0.20238124 -3.178046 5.6666665
5.926383 -0.39111823 -2.9480395 6
-8.2245045 0.26835254 -2.966228 8.5
-7.8891869 0.2571277 -3.1192508 8.5
-4.8244743 0.20710492 -2.8081977 9
-0.8551572 0.18050185 -2.8199756 9.3267288
-0.59155446 0.17173257 -2.9031949 9.0836678
-0.20570527 0.15041128 -3.0921309 9.0902777
0.025267124 0.14588861 -3.182117 8.75
12.129343 0.23330149 -2.8373337 8.1719999
14.367524 0.18381737 -2.9696484 8
-8.2263432 0.54120553 -2.9739184 10
-7.8848848 0.52010167 -3.1259725 10
-0.84058309 0.73793977 -2.8038502 11.6875
-0.59113407 0.54713619 -2.9125533 11.824159
-0.20125806 0.55463767 -3.0977705 12.486111
0.031188253 0.49086362 -3.1746819 11.451428
-8.2444487 1.004733 -2.966327 12.5
-7.8909945 0.92963886 -3.1242418 12.299999
-0.58401263 0.96794063 -2.9158661 12.136765
-0.19530015 0.86016816 -3.0840783 12.933332
14.358872 0.82764566 -2.952909 9
-8.6028919 1.4455105 -2.8122392 13.561749
-8.3039885 1.4597106 -2.9510972 13.8535
-7.8889499 1.425532 -3.1401548 14
-0.53751552 1.5477953 -2.9223573 14.005
-0.39441729 1.2169236 -2.9899573 14
14.352222 1.3525106 -3.0733013 10
14.47288 1.4011198 -2.8548744 10
14.395872 1.7654449 -3.0613508 11
-7.4379687 2.1221154 -2.8456719 15.0345
0.07600975 2.0128949 -3.1964107 15.0045
7.9160223 2.2376521 -3.0788541 12.543875
8.1047029 2.2475128 -2.9746115 13.587376
14.339437 2.2892351 -2.9631734 12
14.44149 2.1314523 -2.9519601 11
7.8171811 2.683768 -3.062798 13.882071
14.393875 2.7814901 -2.9536304 12
5.4266543 3.1827655 -2.9981885 15
5.7350254 3.1636851 -2.9851978 15
7.5466733 3.0882869 -2.9907088 14.058333
7.7687039 3.122597 -2.9538295 15
13.47656 3.1442063 -2.9738548 13.83725
14.353824 2.8265233 -2.9584174 13
1.8953702 -0.81004578 -2.5866272 2
2.320766 -0.82158375 -2.439353 5
2.956785 -0.82055187 -2.5725806 3
-8.6560497 -0.57279301 -2.7607813 4
-7.697402 -0.64064795 -2.6790109 3
-6.6465969 -0.65019208 -2.6107609 2
-5.7699366 -0.65827072 -2.5828843 1
-4.7534776 -0.65225583 -2.552021 0
-3.1049509 -0.67821956 -2.5437117 3
-2.0432529 -0.44594598 -2.4754982 2.5
-1.7926439 -0.57016915 -2.4975159 1.6137255
-1.3654475 -0.57419002 -2.6015785 1.8361208
-1.0278068 -0.63682556 -2.6987276 1.5016667
-0.59134269 -0.75823075 -2.6973197 3.2727273
0.1721797 -0.75236338 -2.6492176 3
0.54836214 -0.77249271 -2.6942253 0
1.0194304 -0.76725072 -2.658221 0.2857143
1.3882453 -0.75865972 -2.5282612 0.25
1.9332528 -0.76547545 -2.6953392 1.25
2.1654587 -0.77673709 -2.5677915 1
2.6003065 -0.7814641 -2.5507193 1.5
2.9644742 -0.78218722 -2.6157906 2.4000001
3.9634955 -0.75860775 -2.5647624 4
4.1038761 -0.73796892 -2.5678289 4.1666665
4.4901624 -0.65619093 -2.5075841 4.5
6.5770664 -0.61445427 -2.5662756 6
7.6165566 -0.4198961 -2.7777393 6
8.3796301 -0.55187494 -2.5179861 6
-6.4198713 -0.22097425 -2.70188 5.1999998
-4.5771117 -0.077189006 -2.499583 6
-2.0343571 -0.29152709 -2.4036746 2
-1.6814464 -0.21070077 -2.4402602 5.1320348
-1.3825499 -0.18802211 -2.5484891 5.4534583
-1.0365782 -0.20328395 -2.7018373 5.6673388
6.5784764 -0.36480546 -2.531347 6
-1.6705724 0.22715992 -2.4435937 9.7515144
-1.4009056 0.19998538 -2.5479641 9.913722
-1.0271273 0.22349262 -2.7144573 9.0533609
-0.77127665 0.098048724 -2.785743 9
12.248375 0.23890695 -2.6002426 8.1715002
14.085216 0.1725179 -2.72192 8.0205002
-1.647625 0.59219044 -2.4350517 11.264285
-1.3933667 0.56038076 -2.539865 11.481685
-1.0217493 0.57566643 -2.7137775 11.476046
0.79345846 0.64126915 -2.4174304 11
0.8632369 0.46898967 -2.4547863 10.00075
14.190948 0.71242005 -2.6204002 9.0100002
-1.6412874 1.0189096 -2.4328196 12.571428
-1.3932055 1.0093021 -2.5450749 12.851651
-1.0636005 0.97694612 -2.6931441 12.148088
14.530191 0.83737898 -2.5110197 9.1709995
-8.9176159 1.4655147 -2.6697996 13.3965
-1.2240386 1.213128 -2.6112876 13
14.553996 1.7793235 -2.7208347 11
-7.5309172 2.1216838 -2.5823078 15.0355
8.1471996 2.3064885 -2.5908551 14.228701
8.4303932 2.3431206 -2.4821062 15
14.471161 2.2185159 -2.7443333 11.5
7.919384 2.490823 -2.6119728 15.022
8.0384569 2.6996486 -2.5460451 14.390834
12.514289 2.7947483 -2.4275448 13.171
14.517139 2.7960343 -2.6752558 12
5.5270801 3.1855214 -2.7252569 15
5.7760439 3.1768587 -2.5391936 15
12.829547 2.8574221 -2.7201953 13.1715
13.421041 3.1928754 -2.597743 14.0135
14.551593 2.8259959 -2.5465641 12.5
12.764044 3.2091262 -2.6307797 14.0205
2.5126376 -0.82959473 -2.16748 5
3.0694568 -0.82128519 -2.298928 3
3.4228201 -0.80283314 -2.1486938 2
-7.9059596 -0.62693542 -2.2926636 3.6666667
-7.4949212 -0.58061302 -2.2845299 3.4000001
-6.921936 -0.6414271 -2.2786975 2
-6.1753697 -0.52967137 -2.22385 2.5238097
-5.8552094 -0.65063941 -2.225981 0.5
-5.3943453 -0.65882182 -2.1832795 0.5
-4.9660244 -0.53424525 -2.0277267 1.5555556
-4.6885476 -0.56323123 -2.1798587 0.66666669
-4.1541557 -0.5271259 -2.303612 0.83333331
-3.5018299 -0.67416692 -2.1219387 2
-2.9414604 -0.60198832 -2.0119476 2.5
-2.5840056 -0.54954416 -2.1075809 2.1964283
-2.2209768 -0.59789526 -2.2248735 1.8396103
-1.8896117 -0.64711231 -2.2477551 1.4333333
-1.377067 -0.72382349 -2.1549594 1
-0.6585328 -0.74706179 -2.2463958 3
-0.13787985 -0.77804404 -2.14048 4
0.39210463 -0.75166267 -2.2864587 3
0.75269836 -0.66875345 -2.1292531 2.6666667
0.99386644 -0.54951429 -2.1149848 4
1.4107127 -0.76576042 -2.1470761 1
1.8111801 -0.76144624 -2.1973355 1
2.2143803 -0.77149165 -2.2548859 1.4
2.4631624 -0.78078145 -2.309063 1
3.1486878 -0.77507681 -2.2281668 3
4.5490932 -0.58930534 -2.3664293 5
5.9133472 -0.65572047 -2.0998776 4.5
6.7674751 -0.47950795 -2.3834476 6
-7.4139123 -0.1272929 -2.2654343 6
-6.1808348 -0.18638244 -2.194428 5.0999999
-4.9596624 -0.19090588 -2.019619 4.25
-4.5698171 -0.21157578 -2.1959713 4.0714288
-4.1224241 -0.19348495 -2.3068833 4.4000001
-2.5119932 -0.19334668 -2.0699608 5.1406159
-2.2022758 -0.2129259 -2.2011886 4.9997931
-1.8950883 -0.20673002 -2.3247828 4.9165754
1.0024818 -0.21654433 -2.080056 6.2916665
1.9757435 -0.066350698 -2.1268644 7
2.0812624 -0.067701496 -2.0616364 7
8.5131655 -0.22889385 -2.1292281 7
-4.9239531 0.24137393 -2.0393562 9.5223751
-4.6716976 0.17668724 -2.2077248 8.958333
-2.489156 0.18904226 -2.0696423 9.3813543
-2.15641 0.2073608 -2.1983531 9.4760513
-1.866658 0.19569425 -2.3349025 9.3567448
0.84316206 0.18459111 -2.0565197 8.5
1.8439561 0.17339383 -2.044991 9.0689163
2.0539052 0.33142129 -2.0452754 10.1755
-4.7064261 0.59388483 -2.1659997 13.125
-2.5096145 0.5957132 -2.0509024 11.78165
-2.163914 0.57030064 -2.1974599 11.637302
-1.8948365 0.59112942 -2.3155634 11.470372
0.84704131 0.57666939 -2.1732779 10.666667
1.5552603 0.54168177 -2.1377892 12.17725
1.7190876 0.70621872 -2.0494132 14.16
2.1995988 0.52948999 -2.0650275 10.616464
-2.5101957 0.87923175 -2.0316994 12.444444
-2.1806026 0.96483397 -2.1871729 12.704545
-1.8820531 0.94437557 -2.3225338 12.501625
0.95623827 0.8440271 -2.1911051 12.17925
1.4330401 1.1099373 -2.1308427 13.178
1.7540185 0.88302189 -2.035419 13.509334
13.932693 1.1912751 -2.3130879 10.016
-9.9265842 1.2410756 -2.1039529 11.039
-10.449656 1.9523084 -2.0000126 13.094
-9.9786568 1.7913258 -2.1122639 12.539
8.2291269 2.3141437 -2.2518885 14.338458
8.4543228 2.3357944 -2.2965641 15
14.674578 2.0318565 -2.223336 11
8.1925135 2.7224224 -2.1499808 14.333333
14.682717 2.5702937 -2.1076386 12
5.8793726 3.1723239 -2.2184987 15.06525
6.0034347 3.1685503 -2.1231985 15
7.0406551 2.9261358 -2.3743432 15.17325
8.1491289 3.1892748 -2.3317208 15
11.723423 2.9727328 -2.0487418 14.0195
12.284525 2.9923954 -2.1999881 14.018
12.729918 3.0084448 -2.3051133 14.01475
14.718966 3.0519359 -2.2345903 13
8.2918777 3.2141428 -2.0129886 15
13.496057 3.202415 -2.0482571 14
-10.908239 -0.96268559 -1.7080234 5
6.285202 -0.81078833 -1.9367321 4
-10.801519 -0.56723189 -1.6932433 6
-8.548048 -0.75829107 -1.6459306 5
-7.228899 -0.51273894 -1.7099304 3.6666667
-6.9466906 -0.53144258 -1.8335965 2.5
-6.5369859 -0.6365509 -1.7780819 1
-6.2139583 -0.40663737 -1.638214 2.5
-5.8590379 -0.62433851 -1.816635 0.14285715
-5.4717216 -0.66785407 -1.9024692 0
-4.9141684 -0.66308057 -1.7716902 0.875
-4.5864553 -0.65792173 -1.7245846 0.75
-4.2318816 -0.70731097 -1.7712551 1
-3.6525447 -0.62038314 -1.6555586 1.6666666
-3.417582 -0.50753868 -1.712118 2.5608697
-3.0415497 -0.56405097 -1.8261275 2.0547621
-2.7352307 -0.58153838 -1.9011208 2.7045455
-2.1750321 -0.73159087 -1.8097042 2.4000001
-1.7189701 -0.73899275 -1.9121863 1.8
-1.5176847 -0.73881137 -1.6186279 1.8
-1.0514474 -0.7292825 -1.7521257 1
-0.48027372 -0.75255096 -1.8561355 4
-0.39939046 -0.73977751 -1.88495 2
0.68496323 -0.74696177 -1.6086345 3
0.99840385 -0.7702148 -1.8620144 0
1.4051402 -0.74294466 -1.7421077 3
1.8904728 -0.52125061 -1.7224811 3.7483335
2.0392833 -0.54029649 -1.7621136 4.8571429
2.672056 -0.77051646 -1.6967516 1
5.6663666 -0.5412755 -1.8153464 5.1999998
-10.784528 -0.18993174 -1.6925083 7
-6.4280968 -0.19274521 -1.9399753 5
-6.2723689 -0.073360749 -1.6925961 6
-5.9598169 -0.16361377 -1.6845913 4.8333335
-4.8507547 -0.15797389 -1.7254626 4.6999998
-4.7098579 -0.17079397 -1.6808122 5.4722228
-3.3547385 -0.24877562 -1.6861908 3.7110462
-2.9852962 -0.21576542 -1.8375478 4.4579015
-2.7102277 -0.18634552 -1.9487977 5.1238098
1.872209 -0.17797999 -1.7335114 6.1796832
2.1267266 -0.21487163 -1.6857735 5.6333332
5.6787033 -0.31042653 -1.7368491 6
6.4575043 -0.15084523 -1.6891859 7
8.0576849 -0.21500033 -1.9098421 7
-10.96417 0.24438676 -1.6841631 8
-10.757467 0.18939638 -1.7036549 8
-7.1474018 0.027269986 -1.7160063 7
-6.5684581 0.29937875 -1.6371354 9.5204439
-4.8786049 0.3170678 -1.7605989 10.089115
-4.6959233 0.25969011 -1.7469198 9.5504179
-3.3018456 0.16415 -1.6818554 8.7873545
-2.9671063 0.19547299 -1.8215019 9.3991251
-2.7072041 0.20402472 -1.9515491 9.6312819
0.95266461 0.18658358 -1.9799097 8.5
1.8600125 0.17501438 -1.7656976 8.7594843
2.1382041 0.20906407 -1.7499937 8.9655962
6.8373499 0.10741409 -1.6555728 8.0194998
8.1071482 0.14521968 -1.8905697 8.1335001
11.754217 0.15797539 -1.7699186 8.0190001
14.790925 0.29783142 -1.8512743 8
14.850808 0.3007161 -1.7385957 8
-10.977539 0.53728151 -1.7000132 9
-10.610961 0.53892499 -1.8156911 9
-6.5969071 0.59889847 -1.7053179 11.5
-4.8750963 0.61678267 -1.731912 12.582708
-4.6840334 0.58212274 -1.758777 11.970341
-3.3059309 0.55191362 -1.6817981 11.816145
-2.9850309 0.5788002 -1.8253392 12.295608
-2.7316906 0.60394269 -1.9412516 12.121052
0.96792126 0.57441497 -1.9682326 10.6695
1.4455228 0.68908793 -1.7334957 11.35981
1.889375 0.54249752 -1.7577941 10.837601
2.091073 0.48705596 -1.8121336 10.318322
14.626621 0.75313616 -1.6492168 9.0185003
14.893433 0.76243436 -1.9459649 9.0190001
-10.947558 0.91245943 -1.712955 10
-10.610028 0.91237974 -1.8246533 10
-4.8618546 0.85099405 -1.79601 14.022
-4.7228308 0.88917172 -1.7502375 13.295682
-3.3156538 0.88984674 -1.6730586 13.434841
-2.9944501 1.0193659 -1.8164867 13.475825
-2.7097292 1.0434031 -1.9512185 13.169333
1.4921587 0.96436864 -1.8254389 11.901946
1.7294357 0.94253999 -1.8829018 12.24605
2.1740324 0.928065 -1.9233711 13.1745
14.771432 0.87709439 -1.9229381 9
14.805594 0.88011235 -1.8368633 9
-10.938466 1.2902977 -1.7039845 11
-10.465038 1.3227897 -1.921327 11.2376
-10.185916 1.2691005 -1.9738297 11.0395
-4.6524162 1.2174919 -1.8386643 14.0445
-2.7940836 1.2452744 -1.9110037 14
14.889344 1.4731655 -1.7070796 10
-10.963605 1.6910633 -1.7122109 12.008101
-10.579681 1.7278054 -1.8747113 12.2
-10.228717 1.6439565 -1.9802748 12.0395
15.023076 1.9326597 -1.7727309 11
-10.948647 2.0754008 -1.7210464 13.0081
-10.568536 2.0626519 -1.8441671 13
-10.234338 2.0167768 -1.9795107 13.0395
-9.6630383 2.1464462 -1.7845792 14.09425
-9.5761013 2.1672463 -1.6323676 14.0985
-9.0340061 2.1156933 -1.8275188 14.039249
-8.3442879 2.1536071 -1.6458066 15.094
8.3408451 2.3265164 -1.8364139 13.875
8.5704212 2.338964 -1.8662965 15
14.871202 2.0607266 -1.7622843 11
8.2929449 2.6406491 -1.8685099 15
8.403554 2.7765517 -1.7266672 14
14.731706 2.6319859 -1.8994 12
14.875586 2.5771589 -1.722955 12
11.362885 2.8917522 -1.7941409 14.019
11.946316 2.8333399 -1.6942654 14.012
12.209495 2.8983884 -1.945626 14.0125
13.650065 3.1835418 -1.6247921 14.01475
14.302616 3.142993 -1.733813 13
14.792318 2.836926 -1.9073205 12.17
14.910294 3.087815 -1.8635322 13
8.3471117 3.2199085 -1.714587 15
13.502302 3.2011833 -1.8717842 14
1.1144733 -0.80554289 -1.4206297 3
1.2758441 -0.82803535 -1.344084 3
6.461175 -0.84531528 -1.2672541 4
-8.1793194 -0.74245006 -1.2865446 5
-6.9376464 -0.56261969 -1.259403 4.875
-6.6821356 -0.57280093 -1.427902 2.2
-6.2258925 -0.6217792 -1.4814473 0.16666667
-4.951395 -0.65057689 -1.5122341 0
-4.4399319 -0.48373932 -1.3105242 1.5
-4.1336651 -0.68784857 -1.3093274 0.875
-3.6826823 -0.58647257 -1.4194605 1.9090909
-3.4910026 -0.59484422 -1.4635429 1.9886667
-2.9689095 -0.70263231 -1.3865507 1.375
-2.5639093 -0.73291135 -1.474833 1.1666666
-2.3963664 -0.73544389 -1.2821865 2
-1.8414946 -0.73098981 -1.4196357 3
-1.3765665 -0.73885143 -1.3635443 1.8
-0.81650114 -0.72561973 -1.2878085 1
-0.17595506 -0.74811995 -1.3384433 3
0.1585474 -0.77976102 -1.5320501 4
0.76995611 -0.75408727 -1.5014765 3
1.0673988 -0.75010788 -1.3414971 0.33333334
1.3528796 -0.58040583 -1.3890657 1.8431373
1.929125 -0.51816833 -1.4690691 2.3071427
2.0163739 -0.4792704 -1.4823325 4.6111112
3.4071245 -0.67790323 -1.3890914 3
5.8816562 -0.52468246 -1.3659661 5.625
-6.9192657 -0.21343689 -1.2230119 6.6666665
-6.5321608 -0.082365029 -1.4950893 5.875
-6.3501163 -0.013727263 -1.5129242 6.5
-4.6213679 -0.16931507 -1.3994329 5.0943551
-3.6252289 -0.21013877 -1.500038 5.1315317
-3.5594141 -0.15499336 -1.5056872 4.7901068
1.8380883 -0.21374911 -1.3329241 5.3454547
2.0240798 -0.15905549 -1.5100412 6.3725491
5.8857493 -0.34068644 -1.3137807 6
-11.266112 0.2527678 -1.439024 8.0994997
-11.12816 0.25087488 -1.2380731 8.1000004
-8.2665272 0.185821 -1.2857955 8.099
-7.683404 0.13541061 -1.3542042 8.04
-6.8820844 0.30112159 -1.407223 9.291625
-6.5317645 0.26090285 -1.3821983 9.24475
-6.2881951 0.10800881 -1.4897456 7.7653122
-4.8067565 0.27854544 -1.5206655 10.475785
-4.6197863 0.19244654 -1.4117877 8.9833326
-3.6349494 0.239411 -1.5042644 9.4030666
-3.5560517 0.23889497 -1.5146176 9.5899849
1.909902 0.18110266 -1.4618486 9.1123724
2.0729237 0.17222807 -1.4879521 8.9243126
2.4292998 0.33496013 -1.3204502 11.14925
11.451749 0.24227732 -1.3315799 8.1689997
-11.074273 0.58388305 -1.5538324 9.0410004
-10.749629 0.56841773 -1.4285215 9
-6.9027014 0.49673837 -1.5316143 11.0635
-6.5480523 0.61320609 -1.4519354 11.53191
-4.6105084 0.60621756 -1.4425888 12.177969
-3.6239424 0.52889735 -1.51281 12.087125
-3.544667 0.52842182 -1.5218885 11.981076
1.5918965 0.59241271 -1.5900382 14.1575
1.9168704 0.50084513 -1.4890887 11.414881
2.1512785 0.65908664 -1.4975793 11.663701
14.758346 0.7636466 -1.4039868 9
14.870454 0.76892918 -1.3916243 9
-11.101904 0.97726488 -1.5557365 10.041
-10.744558 0.94021827 -1.430068 10
-4.5894575 0.98531258 -1.4805175 13.5
-3.6109819 0.91883153 -1.5095215 13.5
-3.5526154 0.92216265 -1.5103327 13.475
1.7779424 0.90603113 -1.5553725 13.098125
2.409055 0.81091297 -1.5856326 14.0235
14.96839 0.894297 -1.4633143 9
-11.311206 1.3990396 -1.4981425 11
-10.730249 1.2841886 -1.3713789 11
-4.5617523 1.2643375 -1.3585038 14
14.63963 1.3232646 -1.3824342 10
15.055151 1.4236135 -1.441378 10
-11.891902 1.8798392 -1.3033404 12.1
-11.434407 1.780466 -1.5122656 12.031834
-11.10091 1.769087 -1.551649 12.041
15.165681 1.9526716 -1.3449126 11
15.225031 1.9596442 -1.3313223 11
-11.883934 2.2882745 -1.3040023 13.1
-11.45787 2.1825247 -1.5072603 13.031834
-11.019078 2.1364894 -1.5559417 13.0205
-9.6694288 2.1621103 -1.3785073 14.097375
-9.1431141 2.1246781 -1.4374169 14.0405
-8.3629398 2.1634362 -1.4153876 15.09675
-7.8645182 2.1277196 -1.3759259 15.04
2.4062991 2.3467126 -1.2971355 15.175
8.5527258 2.3563654 -1.4127909 14.181818
8.8911171 2.3395357 -1.365793 14.004625
15.039748 2.0865574 -1.3725202 11
8.5112677 2.7219398 -1.4396769 14.6
15.082977 2.5719836 -1.3500354 12
4.763948 2.8347938 -1.325629 15.173
5.0398164 2.9157269 -1.583221 15.1735
6.1252656 3.1738675 -1.3955845 15.1725
14.312931 3.1488733 -1.3687427 13
15.052112 2.9560661 -1.419064 12.446167
8.3968735 3.2253833 -1.3821976 15
13.522955 3.201704 -1.4899805 14
13.896989 3.2095146 -1.3263677 14.13775
1.245194 -0.80640846 -0.98029178 3
6.1232281 -0.8277142 -1.0005994 4
-8.9593573 -0.56787133 -0.92198813 5
-8.1725407 -0.52359313 -1.0572662 5.5
-7.735158 -0.53017896 -0.84884965 5
-7.407927 -0.61571097 -0.97028953 3
-7.0202942 -0.60421437 -1.0320528 3
-6.5369568 -0.63290852 -0.8884908 0
-6.0831356 -0.66649956 -0.9829306 3.5
-5.985743 -0.64129758 -0.8951751 3
-5.3663454 -0.67318857 -0.97494256 3.2
-4.8793612 -0.68122047 -0.88883507 2
-4.477881 -0.54298151 -1.0782869 1.5578947
-4.2824116 -0.67539608 -1.0158182 1.6875
-3.716521 -0.69979328 -0.96727145 0.75
-3.4746683 -0.69336176 -0.94039601 1.1666666
-3.0698211 -0.71386635 -1.0454774 0.89999998
-2.6678264 -0.71640998 -0.97730434 1.1428572
-2.279074 -0.73066813 -1.0294479 2
-1.7225327 -0.72932541 -1.1760677 3
-1.2177073 -0.73757273 -1.0137281 1.8
-1.1869187 -0.74496698 -0.81937438 3
-0.74249864 -0.7222243 -1.0605828 1
-0.068734765 -0.74352968 -0.9568758 3
0.38553333 -0.77825826 -0.85609531 4
1.1277138 -0.66316664 -0.85718143 2.9404762
1.4132742 -0.63802052 -0.97402477 3.2222223
1.7765715 -0.46507642 -1.0344974 3.4683909
2.3232052 -0.74412417 -0.86004049 0
2.6735735 -0.67294133 -0.96232927 0.96249998
2.869957 -0.55351597 -1.0235391 4.75
3.4374201 -0.62136024 -0.97000051 3.5416667
3.803858 -0.72784436 -0.89641738 2.5
-9.3153906 -0.32210886 -0.91983926 6
-8.265789 -0.14493085 -1.1056812 7
-7.2429228 -0.032247424 -0.94106591 7
-6.9534082 -0.24385861 -1.1652586 6.5
-4.4830022 -0.16156349 -1.0874381 5.0938535
-4.3463621 -0.13295825 -1.1466624 5.1500001
1.7838328 -0.18592836 -1.0096354 5.6173611
2.2215893 -0.046546914 -1.0126635 7
2.88361 -0.1321383 -0.88747817 6.6666665
5.992774 -0.31348705 -1.078397 6
6.0402312 -0.35874659 -0.96360397 6
-8.7044468 0.20199683 -0.92668378 8.1079998
-8.3048058 0.14560743 -1.1520333 8.0205002
-7.165288 0.086506203 -1.1001428 8.0952501
-5.3020344 0.1889637 -0.81063396 8.3999996
-4.4902458 0.1935927 -1.0673984 9.3369112
-4.3524618 0.17519362 -1.1156207 8.634304
1.9741808 0.074048847 -0.83629 8.6464996
2.1142719 0.10984548 -1.1131108 8.6787558
2.5998988 0.06027323 -1.0777824 8.0554371
15.131942 0.3178499 -0.99597669 8
-10.553549 0.57620925 -1.0241394 9
-5.3026428 0.49906886 -0.8059538 13
-4.4605384 0.61166513 -1.0957431 12.286586
-4.3372211 0.60289305 -1.1394438 12.253
15.027677 0.78109998 -0.94951218 9
-10.443247 0.86689496 -0.89346421 10
-4.4602757 0.99247104 -1.0696039 13.277555
-4.3524809 1.0494771 -1.0832665 13.416666
15.111477 0.90839648 -1.0537394 9
-10.619653 1.3096814 -1.1384232 11
-4.4613948 1.2182269 -1.0685925 14.012833
15.11639 1.4343294 -1.0465798 10
15.243722 1.517103 -0.88605571 10
-13.271381 1.966015 -0.84979498 12.108
-12.368934 1.6280218 -0.81014442 12.079
14.996568 1.9372094 -0.97132885 11
-13.299952 2.3920615 -0.85215151 13.108
-10.754904 2.2149682 -0.82062066 14.10825
-9.4199829 2.1813979 -0.86649239 14.57525
-8.5010834 2.1805363 -0.91938329 15.0965
-8.1982689 2.1611238 -1.0128777 15.070749
-7.9404197 2.1363411 -1.1054772 15.041
2.4785895 2.3485327 -1.0259401 15.174
8.6913776 2.3825688 -1.0547632 14
8.8827362 2.3407261 -0.97701943 14
15.158502 2.1053472 -1.1084669 11
15.234681 2.1183074 -0.89872527 11
8.7006063 2.547056 -0.9928382 14.857142
15.139323 2.6540296 -0.98209506 12
8.7047415 2.8325293 -1.0198841 14.2
13.679932 3.1860752 -0.97944498 14.013374
14.323522 3.1559918 -1.0304635 13
15.088275 3.0118771 -0.97301298 12.745667
8.4407139 3.2319827 -1.0319688 15
13.547474 3.2056375 -0.99849379 14
13.949453 3.214572 -0.96257329 14.137
2.8002357 -0.81328768 -0.43525892 4
-10.815668 -0.59367883 -0.67119336 6
-9.2543192 -0.49030578 -0.61507624 5.6666665
-9.086874 -0.61084974 -0.54211932 5
-8.7453537 -0.57241637 -0.42724371 1
-8.2392731 -0.55805916 -0.59920549 4.25
-7.7430372 -0.56883538 -0.57746756 4
-7.3744397 -0.64379007 -0.65232605 3.8571429
-7.043148 -0.61388457 -0.59043211 1.6
-6.6132936 -0.62056357 -0.48739839 0
-6.1132522 -0.66703945 -0.74295294 3.5
-5.7656746 -0.6084339 -0.60474676 3.3333333
-5.3289261 -0.5478 -0.66185313 3.7785716
-4.9834633 -0.67320126 -0.57811517 2.25
-4.4599023 -0.68663251 -0.54697311 2
-4.2666392 -0.68747795 -0.55669951 1
-3.7134945 -0.69775468 -0.59177685 1.2
-3.3230772 -0.703017 -0.62100351 0.5
-2.9725146 -0.71426296 -0.67208135 0.5714286
-2.5443628 -0.71956491 -0.52445519 1
-2.0680172 -0.73320311 -0.60593152 2
-1.9921079 -0.73337859 -0.40466428 2
-1.4831402 -0.7263242 -0.56460977 3
-1.0892084 -0.71793026 -0.66783553 0
-0.62206674 -0.72130728 -0.6200949 1
-5.197525e-05 -0.75398958 -0.69025171 4
0.039925814 -0.74295795 -0.56630933 3
0.40776348 -0.77477217 -0.6860711 4
1.0339121 -0.6754185 -0.6728301 2.1111112
1.3162518 -0.67932808 -0.60109937 1
1.7802227 -0.60045028 -0.58091438 2.8125
2.286485 -0.7524929 -0.54737723 2.4000001
2.7046475 -0.75506413 -0.66112995 0
2.9654381 -0.68316418 -0.56376904 1.8994708
3.3185227 -0.70763981 -0.6735307 2
3.9842527 -0.70815033 -0.6771841 4
4.0247092 -0.70696765 -0.78351694 4.3333335
4.7291889 -0.79673159 -0.51463771 4
-9.7067614 -0.053074151 -0.46061456 7
-7.2989712 -0.11100225 -0.68470693 7
-6.0633516 -0.14992793 -0.44849375 2.4102564
-5.7889099 -0.15830337 -0.54111809 3.6857574
-5.381114 -0.17277633 -0.70032388 3.8607123
1.699227 -0.19274475 -0.56003183 4.9133334
2.3586428 -0.071339294 -0.71118867 7
3.1269383 -0.078459382 -0.40113711 7
-10.818883 0.25595313 -0.72527134 8.1084995
-10.716614 0.25648916 -0.48821819 8.1092501
-8.6826925 0.097654693 -0.76033545 8.0795002
-7.2313652 0.076657832 -0.67718863 8.0802498
-6.0423985 0.23897134 -0.45249394 9.4553337
-5.7897358 0.21350484 -0.51559818 9.0156183
-5.369276 0.21561077 -0.68956405 9.0419264
1.5745288 0.14493576 -0.45180574 8.7210836
1.7067802 0.11270712 -0.46114928 8.810358
2.2090077 0.21943118 -0.63277602 9.33529
-10.499181 0.57669795 -0.59628952 9.3999996
-10.342923 0.55330974 -0.58654261 9
-6.038198 0.52170509 -0.46262011 13.32414
-5.783484 0.54970044 -0.52235192 11.963367
-5.3718028 0.5550462 -0.69200701 12.028171
2.2397759 0.46516722 -0.59273922 11.374896
14.534626 0.76275533 -0.61539733 9
-10.459055 1.0291059 -0.66264004 10.75
-10.326463 1.0158275 -0.57506567 10.5
-6.0569611 0.98960799 -0.41697592 12.80575
-5.7763963 1.0111104 -0.49243554 13.05425
-5.3840981 0.95936263 -0.65992129 13.08815
15.059312 0.91286749 -0.61763883 9
-6.0197525 1.2714353 -0.43462384 14.1115
-5.2647061 1.3521506 -0.69428134 14
14.638298 1.3314739 -0.6820814 10
15.106429 1.5095295 -0.62179112 10
24.652672 1.2566851 -0.76308501 9.1689997
-13.08403 1.7488269 -0.40715647 12.08
-12.693886 1.6828619 -0.61810327 12.0795
13.75459 1.9421302 -0.5942862 11.1675
14.12582 1.8410177 -0.61371553 11.00825
14.677385 1.9030282 -0.75187933 11
-13.768316 2.0518477 -0.6288296 12.1085
-13.11945 2.1563075 -0.40970111 13.08
-12.702346 2.0707991 -0.62211061 13.0795
-10.006022 2.1462178 -0.73051167 15.0795
-9.9967165 2.1529195 -0.44782972 15.080501
-9.4508867 2.1899738 -0.6066224 14.576125
-8.4862623 2.1910028 -0.57665151 15.100333
-8.0632324 2.1540163 -0.55398113 15.042999
8.8926945 2.359581 -0.59574336 14.4
14.057224 2.3866882 -0.55764639 12.0165
15.088426 2.1049435 -0.63476443 11
-13.798539 2.4963102 -0.63070405 13.1085
-13.13997 2.5683331 -0.41317868 14.08
-12.677321 2.4568729 -0.6274581 14.0795
8.7940159 2.4647818 -0.64563513 14
8.9041004 2.5236831 -0.6337291 14.2
13.810519 2.5064635 -0.60435891 12.1675
14.30804 2.4225235 -0.65770066 12
14.542821 2.5415487 -0.55535287 12
15.002651 2.6380692 -0.68946648 12
6.2002902 3.1627486 -0.54300427 15.170499
8.7965155 2.8614826 -0.65370464 15
8.8863401 2.8716047 -0.59590131 14
13.814379 3.1405885 -0.58600008 13.59
14.276328 3.0981693 -0.59283578 13.005501
14.515023 3.0246103 -0.70434749 13
8.4245081 3.2336552 -0.57557362 15.112166
13.553865 3.2084637 -0.58021617 14
-11.997904 -0.43759087 -0.32299054 6
-9.4630976 -0.54388851 -0.11360803 2.5
-9.0051088 -0.53720593 -0.16038826 2.1111112
-8.4945488 -0.57110453 -0.22893354 1.5
-8.3119879 -0.58575273 -0.25639927 1.2222222
-7.6909246 -0.58940589 -0.22568259 2.5999999
-7.4533424 -0.65121979 -0.17488821 5
-7.086175 -0.62001449 -0.24037915 2.5
-6.5820336 -0.57468724 -0.12110787 2.25
-6.0730734 -0.59214723 -0.2517097 3.8
-5.8740907 -0.62948984 -0.33122069 3.3333333
-5.4275436 -0.67259979 -0.23757263 3.3333333
-4.9499645 -0.66787481 -0.24898817 2.25
-4.4982643 -0.67050481 -0.14461611 2
-4.2437906 -0.68637478 -0.19363768 1.25
-3.6456864 -0.69039756 -0.25715324 1
-3.2424681 -0.70537561 -0.12786052 1
-3.0722075 -0.7065227 -0.19330642 0.44444445
-2.6464984 -0.71740597 -0.20462716 0.85714287
-2.3078914 -0.7092495 -0.14601421 2
-1.9432359 -0.73091143 -0.21385467 2
-1.3470507 -0.7269001 -0.14904773 3
-1.0018841 -0.7315765 -0.21781754 1.2857143
-0.56189585 -0.71651715 -0.055764969 1
0.078913927 -0.73056 -0.20167965 2
1.0092328 -0.74102658 -0.19537181 1
1.3600347 -0.75020671 -0.20586181 1
1.7753248 -0.63393843 -0.21838801 0.69999999
2.1417212 -0.74424493 -0.19806737 2
2.5811522 -0.66574025 -0.1738337 1.9102565
2.8546879 -0.69807643 -0.24285479 1.6666666
7.1244273 -0.60598427 -0.16723323 5.5
-6.8473792 -0.14115368 -0.079870567 2.1547618
-6.596127 -0.13536628 -0.16527055 4.3121696
-6.2636752 -0.14806922 -0.31588262 3.9876812
-5.9596577 -0.15159401 -0.31239891 6.5
-2.0410888 -0.019342178 -0.099924222 7
-1.8945776 -0.057285465 -0.11937003 5.8571429
1.5931983 -0.03915998 -0.053509846 7
1.6651968 -0.18175051 -0.1767638 5.2120814
2.0950713 -0.2156966 -0.060013235 5
2.9667754 -0.38897252 -0.38133419 5
3.3061848 -0.24893665 -0.20168686 6
-10.755205 0.13901517 -0.21398306 8.0810003
-6.8411889 0.25058478 -0.06128417 9.294445
-6.5803194 0.21767727 -0.1640373 8.961175
-6.2720256 0.22485211 -0.27484721 9.2043219
-5.9644499 0.11258823 -0.30406231 8.333333
-2.0569234 0.19170961 -0.1112111 9.0382376
-1.7833698 0.22746733 -0.11548977 10.037255
-1.5746922 0.26981574 -0.020855818 12.52225
1.5754451 0.20329463 -0.11737535 9.824688
1.6740245 0.11946153 -0.17041875 8.8370342
2.3228714 0.26430416 -0.18930273 9.825099
2.4263721 0.1607556 -0.15844841 8.9647226
-10.358803 0.5783571 -0.2174567 9.5
-6.8279519 0.51303005 -0.074078009 12.254625
-6.5674772 0.57566875 -0.15348491 11.651217
-6.2081652 0.52647722 -0.30945259 12.017236
-5.8250675 0.47882885 -0.36747444 11
-1.7542183 0.67420751 -0.077247754 12.466451
2.3717949 0.47390357 -0.23083143 11.379266
2.4202294 0.49897805 -0.079477116 11.5
-10.362003 1.0269444 -0.22585082 11
-6.8455849 0.96242332 -0.04769218 12.705333
-6.6005235 1.0129032 -0.10683421 12.38525
-6.2221217 1.0267333 -0.26159599 12.901547
-5.9420719 1.0111979 -0.33356941 13.5
-1.8251785 1.0341389 -0.090720668 13.17435
14.547425 0.89149213 -0.26118875 9
-6.8369498 1.2859486 -0.018947124 13.104
-6.6552753 1.253556 -0.064136498 13.3665
-6.1253791 1.303555 -0.38235915 14
14.567394 1.4676609 -0.2938149 10
24.697809 1.3692112 -0.14369257 9.1512499
-13.539068 1.8258822 -0.17946434 12.0805
12.986358 1.7187568 -0.073557496 11.0155
13.473143 1.7705462 -0.30550587 11.016
-15.033829 2.2716613 -0.11042845 12.1095
-14.374104 2.1567242 -0.38236487 12.109
-13.566687 2.2486715 -0.18216252 13.0805
-9.8193398 2.1957185 -0.23534667 14.049438
-8.4945183 2.1997111 -0.12990481 15.02475
-8.0963316 2.1583288 -0.2028472 15.04425
9.0034714 2.3814402 -0.37952626 14.00775
12.784261 2.3534639 -0.11432767 12.1665
13.042508 2.2429094 -0.078662992 12.0155
13.536991 2.3126202 -0.31144154 12.016
14.23766 2.005286 -0.3211863 11
14.541331 2.0416007 -0.39244676 11
-15.006824 2.7509696 -0.11546481 13.1095
-14.385664 2.6195707 -0.38478911 13.109
-13.627541 2.686744 -0.18257666 14.0805
9.0238838 2.5080338 -0.22256021 14.565933
9.2269983 2.5877173 -0.058540344 14.165751
12.996773 2.7547395 -0.09070456 13.0155
13.282069 2.427326 -0.35118032 12.167
14.267753 2.5831659 -0.30382323 12
14.413407 2.6053391 -0.35335898 12
9.0330448 2.9089837 -0.2336992 15.03625
9.2310896 3.0029426 -0.066700697 15.165751
12.909606 2.9030795 -0.11749291 13.1665
13.403521 3.0610874 -0.21364081 13.589251
13.674772 3.031955 -0.31371957 13.514
14.315625 3.1696274 -0.31364417 13
-15.006455 3.2415214 -0.11869538 14.1095
-10.240272 -0.50224644 0.22229409 4.3333335
-9.7357979 -0.52113158 0.11572576 2
-9.5171566 -0.54450244 0.25077975 2.8
-9.0467463 -0.56292886 0.23496872 1.6666666
-8.5017776 -0.5480141 0.2028463 0.45454547
-8.27349 -0.5368005 0.18828879 3.8333333
-7.7378154 -0.49669334 0.2687186 3.6666667
-7.3891735 -0.58496767 0.27161777 3
-6.9533997 -0.58154196 0.14316498 2.6363637
-6.6399531 -0.60969985 0.22675979 0
-6.0342345 -0.64947605 0.21928065 3.6666667
-5.906538 -0.65407073 0.22552979 3
-5.3993669 -0.67032605 0.1402034 3.3333333
-5.0483575 -0.66147286 0.17474493 2.25
-4.5561996 -0.68040192 0.14132953 1.5
-4.209116 -0.68385965 0.18618065 1
-3.7757988 -0.69176 0.16861281 1.5
-3.4091203 -0.68647009 0.16857387 0.42857143
-2.9849842 -0.70330739 0.20649411 0.375
-2.5360627 -0.7190975 0.17632601 0.85714287
-2.0918491 -0.61457092 0.28143904 2.5999999
-1.9173646 -0.5186913 0.21751907 2.28
0.089503288 -0.72813272 0.1220538 2
0.79470801 -0.75921923 0.19006908 0
1.0245109 -0.73386621 0.15648359 1.75
1.4474858 -0.63397568 0.22551155 1.25
1.7449329 -0.67046243 0.23963572 2.2857144
2.2062557 -0.56482774 0.078933626 1.076389
2.6265323 -0.62321556 0.27512071 1
2.8100202 -0.57302225 0.39821008 2
7.3472624 -0.48248026 0.19109499 6
12.34478 -0.67298496 0.15870696 6
-7.7352729 -0.17502506 0.33315802 3.0526316
-7.4144216 -0.12190583 0.20304956 4.104084
-7.0566268 -0.13307142 0.06204737 4.09375
-6.5620317 -0.087418005 0.003118515 7
-2.0328999 -0.29370293 0.31515378 3.0625
-1.8422803 -0.18346977 0.24751669 4.1931744
-1.3104562 -0.18564506 0.34053898 3.4733336
1.5441475 -0.16094273 0.3499361 4.6666665
1.7750388 -0.22995573 0.11288153 4.7144446
2.2032826 -0.19503936 0.17819795 5.0833335
2.5743866 -0.24907795 0.15316153 5.75
2.9959784 -0.20622748 0.15798981 5.5
3.6194634 -0.31494331 0.38281289 5
-10.306857 0.25826433 0.38790929 8
-7.6978784 0.16998456 0.31483349 7.6945271
-7.4295592 0.21483721 0.20587303 8.4743299
-7.0586166 0.22308637 0.057731327 8.5549545
-6.5908709 0.079429843 0.0046730042 8.0845003
-2.4405942 0.3007687 0.35985863 11.1605
-2.155457 0.26178941 0.1936143 10.193508
-1.8110799 0.18569832 0.22906016 9.6184235
-1.4349709 0.21878201 0.33319905 10.852643
1.9933157 0.10296419 0.17220642 9.1324997
2.2869096 0.20739533 0.25125095 9.2713518
2.6551034 0.11244508 0.33071327 8.543334
2.9635692 0.16804764 0.27550367 9.0681248
-10.334145 0.56951952 0.36500347 9.0559998
-7.6595106 0.5580703 0.30833319 13.08
-7.4326897 0.56354696 0.23020367 11.864642
-7.0542264 0.52700394 0.059355956 12.344944
-6.7900085 0.56875241 0.12065291 10.75
-2.1528909 0.53185058 0.23654166 11.345995
-1.8917022 0.54745144 0.1757118 12.129089
-1.4011338 0.41447622 0.33176702 14.04615
2.3704011 0.4761723 0.26350939 11.432011
-10.235897 1.0276954 0.35627174 10.5
-7.4854984 0.97483855 0.25544879 13.333333
-6.9995399 0.89927214 0.076760143 12.5287
-6.7459984 1.0514473 0.083995104 13
-2.049556 1.0636332 0.2580232 13.545307
12.722828 1.1889359 0.06067121 10
-10.477922 1.2093091 0.19855559 11.1115
-7.2234383 1.2628943 0.30561352 13.0855
12.476164 1.4531789 0.3180303 10.1682
-14.118895 1.9253156 0.13219392 12.040501
-10.304967 1.9847912 0.3570478 13.1045
12.688671 1.6875441 0.087950587 11
-14.154691 2.3719285 0.14953573 13.027
-9.8103409 2.2097118 0.24423297 14.033417
-9.4536657 2.2470458 0.33160698 15.1125
-8.4946785 2.2040396 0.27709305 15.050249
-8.1136789 2.1622095 0.0090930937 15.045
2.6789408 2.3547068 0.12630403 15.17025
11.891973 2.2232442 0.31604409 12.1655
12.23982 2.2030063 0.2264486 12.09025
12.645914 2.1869831 0.12554085 12
25.056259 2.1839924 0.29692972 10.016
9.1712427 2.4770308 0.15270647 15.003501
9.2338142 2.5121031 0.30507773 15.070499
11.875819 2.7142501 0.30423284 13.1655
12.252067 2.5230131 0.34694022 13.0125
12.644136 2.6927969 0.11669958 13
12.850629 2.5269618 0.15737438 13.011
-14.152908 2.8167825 0.11472487 14.040501
7.044558 2.9570162 0.25401008 14.169
9.3652296 2.8882835 0.29631412 13.671249
12.362302 2.8025293 0.10097671 13.166
12.437216 2.9192469 0.35743618 14.0105
12.911478 3.0452468 0.20746662 14.00925
13.415391 3.1819422 0.042977363 14.008
-10.445483 -0.41955057 0.78863734 5
-10.293152 -0.48441553 0.59078753 4.090909
-9.7767467 -0.50786692 0.55795592 2
-9.3905802 -0.5316298 0.62283987 2.3636363
-8.9366379 -0.54846734 0.62993914 1.2222222
-8.553257 -0.5510332 0.59612173 0.55555558
-8.2806187 -0.54024422 0.65068018 1.7142857
-7.8288102 -0.52551049 0.41887286 3.6666667
-7.4562626 -0.6014322 0.53058511 3
-6.9777336 -0.61197579 0.6081062 2.2857144
-6.608861 -0.60778314 0.48283172 0
-6.003716 -0.633843 0.49768531 4
-5.8596816 -0.64671534 0.63914049 3.3333333
-5.4294491 -0.65761161 0.60889471 4
-4.9646368 -0.66600645 0.53740847 2.25
-4.5511022 -0.67455417 0.63490456 2.3333333
-4.1684256 -0.67001623 0.60477793 1.8
-3.8189976 -0.68510407 0.59946162 0
-3.3485577 -0.68553847 0.52832597 0.33333334
-2.8840528 -0.69719309 0.58487171 0.5
-2.4846599 -0.70947075 0.49860755 1
-2.0465789 -0.53473586 0.48916817 3.2
-1.8482665 -0.59619421 0.51142257 2.3076923
-1.4159944 -0.55854529 0.64612097 2.5014493
-1.1226476 -0.44889212 0.57747948 0
0.3810668 -0.74184281 0.79037786 0
0.62537676 -0.74095583 0.60602039 0
0.98728722 -0.73886329 0.60742736 0.66666669
1.3892928 -0.69152659 0.558433 1.3333334
1.7022543 -0.58089036 0.57761461 1
2.2069767 -0.56697768 0.44576189 3.5
2.7117083 -0.58042812 0.56508845 2.2
2.8614028 -0.66729784 0.49843478 2.8333333
5.2199922 -0.6367619 0.57894218 6
7.7679176 -0.45413896 0.40992492 6
-10.309216 -0.2024978 0.72563243 6.5
-8.5083876 -0.14246391 0.70035058 4.3055553
-8.1764946 -0.097427905 0.55929255 4.8499999
-7.8843298 -0.085483 0.43958858 4.7023811
-1.9235405 -0.1724035 0.42873529 5.195652
-1.3959211 -0.21856211 0.5682621 3.9057443
-1.1314393 -0.22780694 0.63124299 2.5373738
1.5867398 -0.30830523 0.55949998 5
1.6640974 -0.21225564 0.55300802 5.3900003
2.2057834 -0.27544352 0.41533607 4.5999999
2.5838401 -0.31736115 0.45746925 4
3.0021455 -0.28391379 0.56356394 5
3.4374564 -0.19960682 0.58980352 6
3.7171376 -0.13832676 0.47344276 6.5
8.1968527 -0.19036056 0.65651619 7
-10.300518 0.26195979 0.63171649 8.0562496
-8.4724627 0.20143874 0.69255656 7.9857144
-8.1996031 0.1798704 0.57999313 7.8831162
-7.8493719 0.2533116 0.44492632 8.8768339
-2.1186938 0.33503702 0.64681917 10.132652
-1.8347933 0.21943903 0.4642649 9.4577007
-1.3424945 0.19207923 0.54331553 10.027803
-1.1632801 0.17506173 0.56759143 10.403131
2.3320701 0.23618659 0.42895067 9.4335632
2.679647 0.14232101 0.51304579 8.526494
2.8901711 0.15994559 0.69211876 8.731452
-10.28419 0.57028788 0.67969018 9.1694994
-8.4734888 0.64073986 0.69434804 12.139999
-8.2035103 0.60711759 0.5893209 11.366121
-7.8875594 0.58979756 0.46010369 11.532561
-2.1753883 0.55323011 0.6634177 12.125846
-1.8809236 0.50362307 0.44746926 12.748166
-1.3648945 0.44724479 0.51578885 13.929062
2.3387156 0.45910892 0.43114087 11.333333
2.9699504 0.44524562 0.75172603 11.003
12.334554 0.64514101 0.41413102 9.1339998
-10.57954 1.0840153 0.68181252 11.084
-10.303353 0.88982058 0.76640165 10
-8.4771566 0.89985204 0.699983 13.258444
-8.177228 0.94273472 0.58655012 12.083333
-7.8964911 1.0125141 0.44652796 13.166666
-2.2003381 0.89560074 0.60349816 13.113332
-1.8876106 1.0663861 0.56617719 13.515411
-1.54705 1.12307 0.4529959 13.171
-10.322853 1.2060521 0.70985794 11.056499
-8.4948359 1.3990217 0.69362766 13.759167
-8.290206 1.2173985 0.62247688 13.5
11.805912 1.4214033 0.62554777 10.168
-8.5664415 1.7623709 0.69031203 14.1145
11.06685 1.6413274 0.70741343 11.1645
-9.7596941 2.2196202 0.5259912 14
-9.3796482 2.2445822 0.60307539 15.1135
-8.4723082 2.2159224 0.62372345 15.052
-8.3421822 2.1759608 0.63035917 15.104
2.9627273 2.3542919 0.6402871 15.168125
9.4754429 2.3160527 0.57017207 12.60155
11.096045 2.1097109 0.70171428 12.1645
11.465624 2.0945139 0.60294586 12.089251
11.854097 2.1368384 0.57248783 11.84
9.3831272 2.5885735 0.54354322 14.619429
11.440894 2.4895954 0.68239677 13.0135
6.6460938 2.8708389 0.50414836 14.1685
7.9207344 3.1398888 0.7439338 14.084
8.1754665 3.1221066 0.73679352 14.083751
9.3956556 2.9147635 0.50349611 13.518722
11.974119 2.8198299 0.55034733 14.01
12.010111 2.868319 0.65586782 14.0065
12.457269 2.9673724 0.46715215 14.007
-10.450469 -0.41998848 0.90468842 5
-10.226408 -0.47546849 1.0330111 4.125
-9.8337259 -0.47163662 1.0103703 3.3333333
-9.3526459 -0.5075587 1.0152078 2.5
-8.9733734 -0.514579 1.0503048 1.5333333
-8.613143 -0.53814763 1.0010942 0.66666669
-8.2147427 -0.58675086 0.93064719 4.1999998
-7.4102225 -0.60036302 0.91250324 3
-6.9589562 -0.61130506 0.93546247 3.3333333
-6.6069551 -0.5996865 1.0591557 0.85714287
-5.7940941 -0.64150059 0.97217977 3.5
-5.5529823 -0.64798224 1.145838 3
-4.8017359 -0.67847711 1.0863769 2
-4.7146211 -0.655312 0.99033666 2.3333333
-4.1830778 -0.67589051 0.9331401 1.5
-3.7541409 -0.68057656 0.91247529 0.33333334
-3.3180101 -0.68494445 1.0164821 0
-2.9249532 -0.69914043 1.0167341 0.25
-2.54672 -0.70036942 0.96502376 0.8888889
-2.0794177 -0.5437578 1.0502957 2.477778
-1.6935232 -0.5625689 0.99838197 0.86666667
-1.5338111 -0.51825988 0.91381776 1.5454545
0.26582748 -0.72455776 1.0474267 0
0.56275684 -0.72287476 1.0667229 0.5
0.87414235 -0.72527683 1.0525703 1
1.5036278 -0.73581976 1.0832839 2
1.8705386 -0.61014944 1.0860797 2.6428571
2.0743592 -0.52805287 1.0190617 3.0971076
2.5647206 -0.72953373 1.0208156 1.75
2.9864125 -0.66906172 0.95061243 2.625
3.3773251 -0.61018544 1.0445346 3.3333333
4.0775166 -0.51353842 1.0953301 4
4.4134622 -0.55253154 1.0622754 4
5.5438142 -0.64463526 0.82869959 6
-10.088808 -0.2192159 1.0815474 6.1999998
-9.8017969 -0.15358789 1.0530684 5.8000002
-9.335392 -0.19895166 1.0627097 4.25
-9.0233192 -0.064523548 0.94466817 5.2954545
-8.7447872 -0.13569024 0.8018657 4
-2.0784569 -0.20932148 1.0803308 4.8464918
-1.7550095 -0.25202551 1.0147339 4.0666666
-1.4893037 -0.20697145 0.91315788 4.5227275
-1.0687908 -0.20507959 0.88047659 3.1399999
1.9462538 -0.15471159 1.1358635 6.25
2.061115 -0.17774728 1.0488889 5.6500001
3.4986224 -0.22737822 1.0078676 6
3.6170774 -0.36677024 0.98199821 5
11.202612 -0.25959262 0.95671594 7
-10.094489 0.22433932 1.0592504 7.9070001
-9.7321758 0.13454354 1.1287069 7.1357145
-9.3609724 0.21514724 1.0845907 7.8333335
-8.991087 0.19421566 0.9270438 7.7142859
-8.7502995 0.14029498 0.81863409 7.2500005
-2.1027489 0.12064884 1.0722057 8.0422106
-1.7385081 0.21992259 0.9339447 9.2749548
-1.3582025 0.21471009 0.97905606 10.152095
-0.89934093 0.013357115 1.0154202 7.3334746
2.5383575 0.057878971 1.0811268 8.1212921
3.0065122 0.1645996 0.8987661 8.7512341
3.2557294 0.32169774 1.0546194 10.018666
-10.112668 0.58893746 1.1235745 9.4285717
-9.7935772 0.58312976 1.1034544 10.0086
-9.3740978 0.58681214 1.090887 10.9
-9.0213289 0.65153497 0.95421004 11.5
-8.7549667 0.59618998 0.82992142 11.466666
-2.199409 0.55176419 0.86750042 13.820499
-1.8978008 0.52023959 0.95396191 11.995182
-1.3437742 0.44867876 1.0047221 13.966496
3.1032772 0.41915566 0.86338943 11.15325
3.2611971 0.41512379 1.0235316 11.12625
-10.089789 1.0001515 1.0667394 11.196636
-9.8766155 1.0557431 1.0470353 11.482301
-9.3959522 0.98616666 1.0911685 13.317943
-9.0315866 0.94893146 0.94958377 13.415333
-8.734683 0.94420338 0.81799656 13.674001
-8.2436199 1.0515143 0.82723641 12.0865
-9.4081774 1.2257147 1.131857 13.083
-8.2571669 1.5308686 0.82568622 14.0865
11.112572 1.3477054 0.98518133 10.167
-8.8380775 1.6827585 1.1244822 14.087
9.9112263 1.9398957 1.1384175 12.163
11.129899 1.9816132 0.91429728 11.449333
-9.7715073 2.2168691 0.92557836 14.361751
-9.2021046 2.2259672 0.99054754 15.115
-9.0999928 2.2978921 0.92781156 15.11075
3.0511601 2.3564415 1.060258 15.166625
9.7319965 2.3460436 1.0160325 12.693385
10.573645 2.0419574 1.0788152 12.1635
2.9853005 2.4250844 0.90196359 15.167749
9.5183573 2.6547797 0.93866533 14.691875
9.6595144 2.6398365 1.0573514 14.690625
11.047356 2.4284711 0.96663511 13.01275
7.9344177 3.1405017 1.0142394 14
8.1739483 3.1181736 0.98778057 14
9.5106373 3.1284132 0.97726595 15
9.6737528 2.9114294 0.97518861 13.308635
-10.518387 -0.47440723 1.4852809 3
-10.097418 -0.48292905 1.2522756 4.1999998
-9.836359 -0.4586584 1.4462465 3.7333333
-9.3711815 -0.52721202 1.3926662 2.4545455
-8.9409161 -0.55294693 1.465579 2.5999999
-8.6361723 -0.54540628 1.4250901 0.625
-8.1548195 -0.56343687 1.3895385 3
-7.9404445 -0.60123664 1.3451803 5
-7.3203325 -0.57648885 1.3622615 2
-6.6501565 -0.60950089 1.4344565 2.8
-6.2470307 -0.60125941 1.4159844 0
-5.819169 -0.63286364 1.4087687 4
-5.3430443 -0.6520676 1.4269332 3.3333333
-4.5077143 -0.66545951 1.4497352 2.25
-4.1295114 -0.67208254 1.5950868 3
-3.7941301 -0.67277789 1.2888054 1.3333334
-3.3885324 -0.67196381 1.4269918 1
-3.0109365 -0.64497501 1.4307278 0.72549015
-2.62233 -0.6906274 1.3467216 0.71428573
-2.2325349 -0.68874615 1.4791119 1.6
-1.8681817 -0.71249008 1.4239556 2
-1.2202172 -0.7160995 1.4601928 3
-0.96542221 -0.64268798 1.443803 3.1363637
-0.56066871 -0.71250099 1.4640388 0
-0.1894609 -0.70988613 1.346112 0
0.16067694 -0.72183663 1.4107088 2.5714285
0.51272202 -0.73032838 1.4409393 2.5
1.352767 -0.72540402 1.4804974 2
1.8160176 -0.5418458 1.3324989 2.3454547
2.0075982 -0.5311265 1.5915229 4
2.9015114 -0.72421807 1.2916958 1
3.4062901 -0.6245023 1.4228513 3.3809526
3.6355398 -0.47027928 1.3258557 4
4.0381026 -0.73308855 1.4562125 4
-10.506152 -0.16757116 1.4806699 5
-10.075582 -0.14610019 1.2782637 5.8571429
-9.9070835 -0.2284898 1.4478874 5.0999999
-3.3434727 -0.13646691 1.5114288 5.8958335
-3.1221981 -0.23270802 1.4987838 4.8400002
-1.8805056 -0.0053674532 1.4655088 7
-1.4058673 -0.014198793 1.3352722 7
-0.88821197 -0.28872621 1.5018673 4.1687503
-0.58287996 -0.21052815 1.5146331 4.3333335
-0.18168221 -0.28323942 1.5095284 3.375
1.8091857 -0.18384652 1.3508931 5.7649999
2.3076491 -0.045504376 1.5745759 7
2.5901635 -0.045386709 1.4532398 7
3.5480433 -0.36910027 1.32991 5
3.9254582 -0.23135877 1.4185377 6
4.0261955 -0.20075738 1.5435044 6
-10.80105 0.13411953 1.5051993 7
-10.053879 0.14455107 1.360652 7.3571434
-9.9011774 0.20914699 1.4264544 7.7496929
-5.2186551 0.036925681 1.5900025 5
-3.3142316 0.23378181 1.4865236 9.5749998
-3.0887108 0.15038714 1.5375702 8.75
-2.0119123 0.0021537244 1.2103187 7
-1.9336154 0.03012877 1.4298718 7
-1.3895212 0.22886805 1.407583 9.1463213
-1.0963844 0.20548837 1.3589035 9.9752903
-0.74630421 0.048671365 1.5210481 8.1183329
1.8395201 0.16964683 1.4205358 8.9922047
2.0216174 0.042236663 1.3853692 8.1177502
2.6413012 0.051194906 1.3425089 8.1215
2.9375288 0.085187837 1.4403799 8.1763744
3.2841125 0.14000598 1.4977809 8.4271498
-10.079174 0.56515485 1.3971763 9.5143747
-9.8877354 0.61530888 1.4233015 10.283517
-3.371948 0.60753351 1.4229126 12.357687
-3.1191587 0.61163414 1.5279976 12.471944
-1.6453118 0.48393226 1.2004454 13.129
-1.3480582 0.46086186 1.3808764 11.560382
-1.1914324 0.42624807 1.3618282 13.023167
-10.098076 1.0330697 1.252489 11.5
-9.8921204 0.98857337 1.4420005 11.986619
-9.9027262 1.3410659 1.4067826 13.49976
9.8294334 1.4016316 1.4944566 11
-9.8568439 1.7967373 1.3843191 14.375448
9.5189829 1.9001755 1.5889606 12.16175
9.8398933 1.8432153 1.4540931 11.416667
10.052196 1.854302 1.2756654 11.333333
10.58847 1.9231619 1.2350677 11.448667
-16.323761 2.068706 1.3734293 11.1055
-9.7802553 2.1916847 1.2518853 14.521625
-9.5603361 2.1723354 1.4908078 15.0875
3.1958282 2.3983347 1.4179811 15.1655
9.5114527 2.31621 1.5786517 13.16175
9.8244896 2.3299775 1.4287386 13.000456
10.57142 2.3522873 1.219262 13.012
-16.324642 2.526314 1.2861408 12.112
-9.7404232 2.4975746 1.3275015 15.053875
3.1278148 2.4634991 1.2250761 15.16675
9.7730551 2.6567981 1.4673547 14.094875
7.9412313 3.1466649 1.4463123 14
8.1631641 3.1212041 1.4413923 14
9.4797621 3.1596768 1.4914987 15.162
9.7964315 2.9993913 1.3938143 13.727273
9.749754 3.2232513 1.4101826 15.08125
-9.7324915 -0.44251746 1.7621187 3.25
-9.3894615 -0.50280619 1.8064374 3.1111112
-8.9903574 -0.52515674 1.8033645 1.5
-8.6005325 -0.56272459 1.7746418 2.5
-8.3029041 -0.55653363 1.8606385 0.71428573
-7.9055448 -0.58044505 1.8437619 4
-7.0830841 -0.59419852 1.851688 3
-6.4743943 -0.60516214 1.8446093 2.8
-5.8898582 -0.60141766 1.8867917 0
-5.3477464 -0.49555281 1.8785274 2.796875
-5.0728879 -0.6406287 1.884032 3.25
-4.1692276 -0.66354078 1.7429967 2
-3.94608 -0.67269266 1.9959469 2
-3.370409 -0.673711 1.7208024 0.5714286
-3.0005672 -0.68372917 1.8315903 0.5
-2.6413908 -0.67985958 1.7722199 1
-2.1882429 -0.68459076 1.8853703 1.875
-1.8540775 -0.68887097 1.7788298 0.66666669
-1.2360481 -0.63075876 1.8383608 1.9111111
-1.0150635 -0.53564441 1.7712145 1.5833334
-0.61692446 -0.55840677 1.8039789 1.8541666
-0.17669116 -0.57129169 1.7833984 2.0333333
0.10392234 -0.64893925 1.7970439 1.5
0.95071393 -0.71766037 1.829802 2
1.3100015 -0.72037381 1.7773056 0.66666669
1.8646384 -0.71974921 1.8765959 0.5
2.2097728 -0.69500172 1.7586895 2.5
3.3321369 -0.49566811 1.7729412 6
4.186975 -0.55172384 1.9600639 5.5
-12.313387 -0.10332382 1.6907657 6
-9.7256517 -0.20858698 1.7480739 5.3421054
-9.508996 -0.12183213 1.9043458 7
-5.6037397 -0.054661736 1.8019278 7
-5.4052196 -0.13344532 1.9110316 3.4252875
-1.7214919 -0.0075636795 1.8494469 7
-1.2928373 -0.30918747 1.7616814 3.1666667
-0.94368839 -0.32216388 1.6543473 2.96875
-0.58493698 -0.19023119 1.7367816 5.0802464
-0.13981579 -0.20992549 1.8770548 5.2304835
0.16446401 -0.20438612 1.8314077 5.2368422
0.6167708 -0.1429345 1.9054084 5.5964184
0.82544112 -0.09032172 1.9331732 6.0833335
1.9823415 -0.1218918 1.6097727 6.5
2.1807041 -0.11229919 1.8443191 6.3000002
3.1173189 -0.059029296 1.6020868 7
3.2842953 -0.062818557 1.6181045 7
3.9981687 -0.29106575 1.7227395 6
4.1045194 -0.24761693 1.8205487 6
-9.7201319 0.19351147 1.7551212 7.6722689
-9.4922199 0.16379347 1.9717538 8
-5.4333181 0.1885536 1.8979967 8.7967081
-5.1031861 0.076252788 1.8495144 6.5271502
-3.0565171 0.33461589 1.6500543 10.5
-1.7923272 0.018975405 1.8584068 7
-1.339563 0.22912887 1.7539734 8.8909769
-0.9950884 0.20986915 1.8427804 9.7176065
-0.67025048 0.091724388 1.7898402 8.5248737
-0.056643452 0.066900887 1.9541969 8.0445004
0.023999475 0.092891783 1.93767 8.3859119
0.63293117 0.11030194 1.9038304 8.4853783
0.82448357 0.053329445 1.8871323 8.131875
3.3942821 0.24651007 1.8596127 8.9968433
-9.6910448 0.62772584 1.739957 10.341463
-9.5237207 0.54385644 1.9226179 9.333333
-5.7140841 0.57692909 1.783988 11.456289
-5.4247584 0.59092087 1.8775318 11.146308
-5.0408573 0.64309734 1.8560241 12.9375
-3.0028572 0.68995094 1.6316011 13.056
-1.3751744 0.4597804 1.7973846 10.717088
-0.8279776 0.45191589 1.9646864 12.404834
3.3513339 0.45744297 1.9337254 9.8603125
-16.019829 0.99063748 1.982403 9.54
-9.7082615 1.0592074 1.7548962 12.20306
-9.5669403 1.0615916 1.7343721 12.428572
-5.5026169 1.0537928 1.622658 13.0965
-5.1761527 0.96533555 1.8417503 12.780194
-16.001829 1.5108982 1.9793903 11.08
-9.6687174 1.3096347 1.649362 12.666667
9.3972206 1.4796172 1.8289407 11.053833
-9.7577419 1.7252642 1.6210593 13.333333
9.1611176 1.7507485 1.9491607 11.688167
9.4754725 1.8225542 1.8241305 11.648723
9.7539558 1.8469843 1.6676623 11.50175
-16.303165 2.3292816 1.8012419 12.084
-9.7095146 2.2217751 1.608923 15
9.1675606 2.1706958 1.9667865 13.533562
9.3412294 2.2789989 1.9139615 12.918208
9.686945 2.3473196 1.7593462 12.479876
-16.020748 2.5013592 1.8987437 12
-10.97965 2.7529738 1.6448435 15.1155
-9.6638165 2.5956328 1.613534 15.1085
3.1862683 2.4860156 1.636115 15.165501
3.2849336 2.46433 1.789423 15.16465
9.1322765 2.6529143 1.9537376 13.876321
9.4328604 2.6517057 1.8328993 14.589946
9.7194004 2.6660669 1.6922445 14.35775
7.9367127 3.1513233 1.7807025 14
8.1807976 3.1314762 1.7942032 14
8.6048775 2.9161539 1.9529647 15.109833
9.0491056 2.9962978 1.912269 15
9.4469757 2.9473753 1.7569481 13.856125
9.7781153 2.9321666 1.615015 13
9.6784534 3.2226994 1.6740049 15
-9.6486883 -0.41168278 2.0765264 6
-9.4761353 -0.47544008 2.2048256 3.2105262
-9.0559864 -0.52116698 2.2510734 2.5
-8.6407766 -0.53328949 2.1476266 1
-8.1717939 -0.56068826 2.1866474 1.25
-7.8184147 -0.56008554 2.181695 3
-6.8532443 -0.58292502 2.2942886 2
-6.2707872 -0.60818797 2.164489 2.2857144
-5.9799552 -0.58630174 2.3448534 1
-5.3544712 -0.53450018 2.3017745 2.8666668
-4.9236932 -0.64185506 2.1085529 3.3333333
-4.704762 -0.50533968 2.2950671 2
-4.1925716 -0.57389313 2.2456882 2.1666667
-3.8366482 -0.66531801 2.1694613 2.25
-3.3717511 -0.66661322 2.2118719 0.46153846
-3.0475459 -0.66520417 2.2756338 1
-2.6438005 -0.68182266 2.2042594 1.3
-2.1877031 -0.67455411 2.2009084 1.0909091
-1.6920072 -0.56251299 2.2042992 1.64
-1.3830069 -0.60224366 2.170948 2.72
-0.92137432 -0.52510655 2.1154308 2.5119045
-0.68420959 -0.61638522 2.1259108 0.83333331
-0.3507967 -0.62892818 2.3289714 2
0.25829512 -0.62522143 2.2958577 0.84285718
0.55614907 -0.59409344 2.2209969 1.6642857
1.0106655 -0.71568954 2.181766 0
1.4366376 -0.7176615 2.2149935 0.2
1.7984623 -0.71390867 2.1786695 1.8333334
2.1914556 -0.7124638 2.197036 1.6666666
2.8792193 -0.65314364 2.3176541 2.75
-9.8066339 -0.23167469 2.0585706 4.7272725
-9.5060987 -0.17861025 2.2482352 5.5479798
-5.8375607 -0.12346679 2.2116303 2.2071769
-5.4083729 -0.13632649 2.1742189 4.0216665
-5.0067225 -0.083882764 2.2234621 5.25
-4.7033386 -0.22054873 2.3053749 3.1962965
-4.1471615 -0.15480673 2.2469571 4.6581197
-1.6581427 -0.22089474 2.1931398 4.8988099
-1.370667 -0.022746883 2.282258 7
-0.96265066 -0.29329669 2.2405231 4.916667
-0.48058638 -0.041976549 2.2362137 6.5833335
-0.29684952 -0.16594853 2.0476403 5.6391144
0.2985737 -0.14876361 2.1996415 5.5014877
0.50318837 -0.21345484 2.1799493 5.3591795
4.6908689 -0.28999341 2.2488029 6
-15.926923 0.10988054 2.2539346 7
-9.7661324 0.18333651 2.0719466 7.5151515
-9.5032654 0.20707166 2.2406442 7.7777777
-6.0079932 0.0063122585 2.3421757 5
-5.7734518 0.059613805 2.2825518 6
-5.3920031 0.27262464 2.1552944 9.6479578
-5.0752759 0.21339105 2.2281787 8.5787849
-4.7123146 0.10832465 2.1711297 8.0342779
-4.0979056 0.15131006 2.2212236 8.1640539
-3.9598534 0.23523271 2.3224285 8.7679167
-1.3369918 0.21693888 2.1062677 8.7109032
-1.0413654 0.23908512 2.2357149 9.1543512
-0.66673034 0.30205712 2.2894504 9.6770077
-0.18511525 0.090305351 2.0982344 8.314785
0.2708042 0.1767527 2.303664 8.9296923
0.54430842 0.13041399 2.1835172 8.547576
0.81063771 0.12039014 2.0590155 8.6555004
3.4741142 0.28274709 2.1255982 9.1214094
3.6653225 0.12823863 2.3174798 8.2095556
4.4981122 0.33252025 2.3569329 9.1193323
-16.016973 0.47255483 2.0345125 8
-15.912477 0.58637643 2.2538376 8.375
-9.7685995 0.60419613 2.0705452 10.185185
-9.482235 0.63324004 2.2457545 10.238964
-5.6873565 0.65377331 2.1895869 11.768167
-5.3889785 0.65259123 2.1512325 12.564317
-5.0938954 0.53286523 2.3186479 12.216334
-1.3331467 0.46038666 2.0369096 10.555301
-0.74857324 0.46662274 2.1534379 11.590362
0.34352395 0.49953216 2.363766 11.617
0.42140269 0.46335226 2.387414 12.095
3.4866629 0.46144697 2.2404687 9.9646254
4.5006313 0.43231374 2.2539587 9.6381245
9.1082287 0.70194757 2.024518 9
-15.91969 0.98181903 2.218503 9.5
-9.7445135 1.0412637 2.0666597 12.564516
-9.4736233 1.0140351 2.236923 11.923077
-5.3633819 0.98868465 2.1457536 12.908639
-5.1228337 1.0519429 2.2386105 13.0765
8.1727915 0.98708785 2.346864 10.159
-15.890683 1.5081751 2.2468925 11
-9.8166924 1.2748157 2.0632854 14
-9.497488 1.2308781 2.2475886 13.5
8.7609901 1.430104 2.3317273 12.1275
9.1072226 1.3681984 2.0674496 10.6
-15.878316 1.8591114 2.2107139 12
8.1197777 1.7267237 2.3137217 12.159
8.624321 1.7040958 2.2653294 12.568001
9.0977001 1.7876058 2.0522025 11.728091
10.179701 1.8713948 2.3539112 11.066
-15.903366 2.1576846 2.1833982 12.842687
4.0021873 2.3271992 2.2963557 14
8.2481117 2.0836051 2.3992722 14
9.1339207 2.2514517 2.1014717 13.143106
9.2086029 2.2775562 2.0185933 12
10.166283 2.0404313 2.3041737 12.1605
-15.874438 2.5534196 2.2213044 13.428572
-11.945189 2.6438708 2.121944 14.116
-11.033029 2.6106679 2.1501486 15.088
3.3751442 2.4640017 2.0810232 15.163501
3.6285815 2.6193292 2.3230972 15.1635
7.9897966 2.6299782 2.384727 13
8.2330065 2.6555409 2.2871656 13.546204
8.4590149 2.6831725 2.152081 13
9.04883 2.6605105 2.0541329 14.000218
10.198122 2.4432344 2.3527985 12.290125
-15.87267 2.9571819 2.1710844 14.778913
7.9536061 3.0488799 2.1276126 14.386416
8.1419649 3.135951 2.2972281 14
8.8976011 2.895745 2.0451295 13.666667
10.234644 2.95611 2.3045802 14.1605
-15.797266 3.5383112 2.2371409 14
-9.6000967 -0.45601797 2.5785627 3
-9.3882666 -0.46127853 2.5970547 3.1363637
-9.0053558 -0.50185031 2.6129873 2.3333333
-8.5598555 -0.54253852 2.456811 2
-8.2071915 -0.55134833 2.5822043 1.3
-7.7799258 -0.55308133 2.6806543 0
-7.5640531 -0.55909616 2.5945742 3
-6.4975944 -0.55334216 2.5783398 2.5999999
-6.3419666 -0.54803485 2.5704894 2
-5.8054347 -0.57956189 2.7470641 4.5
-5.3698783 -0.54404342 2.4769249 2.5
-4.9429827 -0.52835238 2.4472179 0.58333337
-4.5786738 -0.5319531 2.4654334 2.2222223
-4.1812606 -0.54193348 2.5417829 0.74509805
-3.7656038 -0.55850977 2.6776741 1
-3.489234 -0.61528975 2.6549518 0.5138889
-3.0141842 -0.66385251 2.5980289 1.0714285
-2.5616519 -0.67158121 2.6273341 1.4285715
-2.2396438 -0.67724037 2.6697767 1.7142857
-1.7025042 -0.5352394 2.4625983 2.5
-1.5196605 -0.6345495 2.6243384 3.0625
-0.82935071 -0.4450233 2.7466159 3
-0.62947029 -0.45865148 2.7031786 4.2962961
-0.21710166 -0.67788118 2.6812124 1.5
0.17482597 -0.56060535 2.5083549 2
0.78225583 -0.67932773 2.4777837 1
1.02803 -0.70817214 2.5585201 0.83333331
1.4231321 -0.71051294 2.5887921 1.7142857
1.7532866 -0.7113539 2.5670726 1.6
2.1058316 -0.71620005 2.4923778 2
2.6281166 -0.72985888 2.5545685 3
3.0141659 -0.73298681 2.6065004 4.1428571
3.2037764 -0.62506413 2.622148 5
4.675889 -0.44504845 2.4961565 6
5.7126722 -0.74368691 2.5658002 4
-15.631251 -0.15193948 2.7036123 7
-9.6474409 -0.22906621 2.5698681 5.0294118
-9.3727722 -0.20998074 2.6375437 5.2708335
-9.1933651 -0.24797301 2.7171328 4.25
-6.4554672 -0.28299111 2.6823392 0.60000002
-6.3306398 -0.29892069 2.47452 1.6
-5.2826767 -0.1946937 2.4834456 3.8666666
-4.9421597 -0.23243621 2.4362597 3.2222223
-4.60496 -0.25882655 2.4469681 3.22
-4.1701674 -0.19661474 2.5059628 3.875
-3.8993409 -0.19778623 2.5807512 4.8333335
-1.4293553 -0.21345399 2.6534629 5.2222223
-0.72754931 -0.047497891 2.6659398 7
-0.098694801 -0.17475793 2.773385 6
0.093632415 -0.22068483 2.6001823 6
-9.6446199 0.17092055 2.576735 7.3947368
-9.3802357 0.19250286 2.625545 7.6595669
-9.185463 0.15376659 2.7122242 7.1999998
-5.7117367 0.11643382 2.5202975 7.108315
-5.2953315 0.18259397 2.5163989 8.3122005
-4.9828262 0.30788013 2.5954633 9.0954771
-4.6461029 0.14071298 2.652468 8.1096249
-3.9550583 0.20413925 2.4634795 8.732585
-1.6538644 0.022268254 2.6476343 7
-1.3969042 0.19522566 2.4539311 8.4018755
-1.0247109 0.23748486 2.647572 8.7570562
-0.59645307 0.26827651 2.4692025 10.000913
-0.31444946 0.11011888 2.655251 8.1549997
0.23368761 0.26507181 2.5580952 10.120375
0.52026033 0.27084884 2.4884384 9.8066664
3.1790719 0.10064811 2.605304 8.1724997
3.276181 0.15238751 2.5412638 8.4894171
3.8042173 0.26893327 2.5987902 8.8548536
4.4921913 0.32998812 2.4012909 9.1739998
-9.6579504 0.58715504 2.5877674 9.863636
-9.4046621 0.61215252 2.607486 10.248227
-9.1786385 0.73427737 2.7196479 11.25
-5.7076759 0.45220014 2.7842479 11.7297
-5.2196841 0.48634076 2.4363778 13.133675
-4.9481187 0.50017905 2.7024302 10.1175
-3.2060266 0.44083267 2.7065721 10.1405
-3.1275644 0.43769535 2.7080975 10.141
-1.0514058 0.50012738 2.6420932 10.638779
-0.61515409 0.48620567 2.4665053 12.083
0.19539656 0.60926503 2.5045891 10.792501
0.76918793 0.51943952 2.5310822 10.153
3.8861644 0.44030824 2.6168447 9.4779167
7.0698133 0.62621969 2.7673919 9.666667
7.2944179 0.69303507 2.7091141 10
8.2782497 0.65777093 2.462728 9
-9.6503544 0.9953118 2.5853469 11.909091
-9.3900356 1.0470681 2.6148338 12.240566
-9.1784115 0.99546796 2.7054603 11.4
-5.3521676 0.99099433 2.4695847 13.101
0.18676519 0.84516728 2.529788 11.160749
7.1265807 1.0122552 2.733253 10.9
7.3397698 1.0076258 2.7040091 10.793166
8.2572126 1.1309462 2.495681 10
-9.6036549 1.2053812 2.5131907 11
-9.4589949 1.2362858 2.6191838 14
-9.1879482 1.2992942 2.6709433 13
7.088273 1.4694149 2.7525229 11.898844
7.2780814 1.3550422 2.7025387 12.000151
7.7916007 1.5940042 2.6971598 13.1255
8.2072363 1.3838034 2.5108604 11.571428
10.220152 1.2941198 2.495708 10
7.0998592 1.926793 2.7540815 13.091371
7.2821856 1.7994138 2.6799469 13.643072
7.7945404 1.658824 2.6369846 11.90661
8.1849279 1.7001233 2.4998069 12.012481
8.4172297 1.6941016 2.4285223 13.127
10.236938 1.8623261 2.4901361 11
-15.866062 2.3070705 2.6556768 12.085751
3.9490652 2.3298321 2.6379483 14
7.0934601 2.1597555 2.7491553 14.120636
7.2898607 2.1547093 2.6734188 14.800299
8.2545061 2.1802578 2.4902844 12.85
10.143508 2.3459113 2.4425983 13.009
-15.689512 2.4820323 2.6042917 12.11475
3.4375947 2.4943876 2.4222169 15.162501
3.7661366 2.6350281 2.6042051 15.053916
7.0767679 2.5332823 2.7652032 13.979556
7.4416275 2.5843985 2.6259561 14.0835
7.8910294 2.6545591 2.5448763 13.441457
8.2127705 2.5856183 2.5004351 14.5
10.193379 2.4584682 2.5167542 13.02225
7.1917586 2.9598105 2.7941215 14.162999
7.7523422 3.0397692 2.5220704 14.313167
10.215491 2.8756924 2.5363774 14.785625
-15.653038 3.4385309 2.77912 14.528749
-15.652708 -0.40038663 2.8489287 6
-9.2937937 -0.44602793 2.9888453 3.4000001
-8.9678707 -0.51386529 3.0307169 2.8181818
-8.6157408 -0.52467006 3.064563 1.75
-8.1895285 -0.53994799 2.9536645 0.81818181
-7.9271464 -0.56550467 3.076345 2.5
-7.3769088 -0.56288248 3.0037873 1.2
-6.2237668 -0.48279822 3.1819513 0
-5.7807555 -0.60132182 3.0349154 3.2
-5.2823229 -0.59368992 2.8311126 1
-4.6842918 -0.59882927 3.0507343 1
-4.2590222 -0.62628061 3.0678422 2.25
-3.8903346 -0.60531098 3.0329199 1.2777778
-3.4417317 -0.62364227 3.0177402 1.8333334
-3.0479627 -0.65498406 2.9266417 1.75
-2.5911152 -0.66251522 3.0321083 1.6666666
-2.3148746 -0.6832847 2.8708358 2
-1.7612079 -0.64275151 3.0017014 2.8
-1.4324992 -0.68130511 2.9309604 2.5999999
-0.93924171 -0.6003384 3.0132217 4
-0.68940276 -0.59167957 2.9419744 4
0.19178018 -0.5818693 2.9068732 2
0.56180567 -0.66780323 2.9759238 2.0833333
1.0274711 -0.696895 2.9286547 1.75
1.3549712 -0.70591199 2.9977298 2
1.8611388 -0.70415926 3.1201549 2
2.2529678 -0.71228784 2.8854058 2
2.621594 -0.71383584 3.1915228 3
2.9603183 -0.72068501 2.9805279 4
3.3366876 -0.62120998 3.0063643 3.5
4.893219 -0.46100897 3.0733626 6
6.3176117 -0.601614 2.8172195 5
-15.578446 -0.084154822 3.0151324 7
-9.3414154 -0.20888099 3.0317466 5.2285714
-9.072691 -0.22542343 3.1540079 5.875
-6.4659638 -0.073087096 2.9954758 4.3541665
-6.2022376 -0.12018158 2.9805117 3.9912279
-5.9648733 -0.17986599 2.9425321 2.5
-4.1636429 -0.20656103 3.1093853 5.75
-3.762275 -0.15404245 2.948518 5.2599998
-3.54792 -0.23614517 2.9878156 5.1282048
-3.0696566 -0.28507543 2.9045873 5
-1.7742898 -0.12826709 2.9376354 6.1372547
-1.3921686 -0.21460125 3.0207455 5.5
-0.95977324 -0.34791529 3.1503732 4.5
-0.050200105 -0.23746149 3.146374 5.6666665
0.17012267 -0.2801334 2.9209003 5.75
3.05621 -0.17447545 3.1258709 6.2857141
3.3881586 -0.2380143 3.058629 6
3.7360017 -0.36327615 2.9913719 6
-15.757659 0.014915787 2.8903124 7
-9.3165855 0.18974189 3.0276361 7.5749998
-9.1152334 0.22577415 3.1469555 7.75
-6.5444679 0.2296221 3.0159931 8.5977602
-6.2173405 0.091408588 2.9580948 6.5340004
-5.8394022 0.22686864 2.9337106 8.7217436
-4.9429259 0.29019514 3.016561 9.1579266
-4.0820293 0.22020905 3.0864875 8.6852007
-3.8323257 0.20501831 2.9606743 8.479599
-3.5763659 0.15890659 2.96104 8.0958891
-1.7955374 0.21960078 2.9557083 8.5088549
-0.96271271 0.2973991 2.9299409 9.0746775
-0.61695683 0.22046903 3.0302973 9.0785646
0.37665224 0.3800095 2.9766409 9.158
0.55163997 0.34780866 2.8596492 10.1416
0.80707538 0.29111835 2.8046141 9.1680002
3.0061507 0.13494986 3.094672 8.0781813
3.3706374 0.092466399 2.9073465 8.1432495
3.8176315 0.29880771 2.8454177 8.9426661
6.7011299 0.17925644 3.0941367 8.0039997
6.9149289 0.23916592 3.0417225 8
-15.742453 0.43849671 2.9092791 8
-15.57592 0.42534918 3.0146956 8
-9.3166504 0.59699142 3.0229642 9.969697
-9.0649242 0.61164403 3.150218 9.7777777
-6.6249294 0.41679579 3.0265572 9.6012497
-5.8005404 0.52760983 2.9432225 12.236856
-4.8828912 0.50243646 3.0082989 11
-3.2158108 0.61249423 2.9173946 11.141
-1.0279069 0.50775957 2.8034275 10.1565
-0.50346971 0.45748112 3.0888407 11.144
0.43049288 0.40624219 2.9033852 9.1595001
3.7734988 0.48776823 2.8763161 10.1715
6.3212495 0.61694402 3.1225474 9.5629377
6.5772963 0.58638358 3.0002022 9.5259485
6.9190526 0.56054938 2.8569407 9.2654381
7.3911715 0.41437379 2.9005718 9.1242504
-15.735074 0.86118633 2.8624165 9
-15.554646 0.93436277 3.0061712 9
-9.2976017 1.0114609 3.0299406 12.142858
-9.0587921 1.0646368 3.1546056 11.866667
6.2378607 0.99346983 3.1496596 10.999999
6.5924077 0.98352826 2.9910893 10.851423
6.943222 0.94634664 2.8440301 10.446214
-15.737082 1.2868613 2.8615103 10
-15.559348 1.4466343 3.005157 10
-9.3435535 1.2439367 3.0623138 12.8
6.2751245 1.4381129 3.1297281 12.155073
6.6476593 1.4347606 2.9626601 11.840694
6.8471003 1.4048243 2.8811359 12.114208
-15.710993 1.712606 2.8755805 11
-15.537182 1.9589853 2.9963408 11
6.2897105 1.8604931 3.1262517 13.4543
6.6306863 1.8312321 2.9703095 13.440945
6.9654865 1.7928411 2.8270438 13.111112
7.3034935 1.6378039 2.8035586 12
7.6300607 1.6925931 2.8069468 13.178
-15.719288 2.2229304 2.8964472 12
3.9530447 2.3503172 3.0097511 14.053833
4.1785626 2.3265059 2.9084752 14.1615
6.2984762 2.2065008 3.1180592 14.203167
6.5850024 2.1002343 2.9791303 14.571428
6.8356872 2.1705093 2.8672044 14.333333
-15.683415 2.574475 2.8873117 13
-15.526397 2.5753567 3.1314495 12.532666
-14.007338 2.7066197 2.9951043 13.1165
3.9435675 2.7063208 3.0003495 15.073205
6.2708235 2.513432 3.1249111 15
6.6498971 2.4441562 2.9584987 13.979278
6.8174791 2.6140509 2.8830197 15
-15.659687 2.904902 2.8826909 13.5
-15.498915 2.9940758 3.0714211 13.4
6.8092084 2.8856938 2.9676056 14.162501
-15.67351 3.3263803 2.9128621 14
-15.535629 3.4720771 3.0550575 14.705167
-13.818741 3.6070027 2.8106799 15.11625
-9.0004511 -0.48250845 3.3668389 2.6923077
-8.6250343 -0.53732115 3.369498 2.8
-8.2921276 -0.53798085 3.4534299 2.4285715
-7.7424364 -0.54817152 3.356977 0.60000002
-7.3775511 -0.55482799 3.5099177 0
-7.0180564 -0.57205361 3.3133061 0
-6.194797 -0.51827401 3.4339676 0.83333331
-5.4089789 -0.53725719 3.4594078 3.8571429
-4.9539514 -0.54529083 3.3638959 2.4285715
-4.7344236 -0.50202739 3.3097522 5
-3.8366699 -0.57778347 3.4461837 4
-3.4156795 -0.63864225 3.385685 1.7142857
-3.0240071 -0.65440804 3.3842704 2.6666667
-2.6910317 -0.65099502 3.3890622 2.4444444
-2.2568345 -0.63962603 3.4537821 2
-1.8267282 -0.66993958 3.3587976 2.7142856
-1.4499998 -0.52473181 3.3756602 3.5833333
-0.99356478 -0.54795867 3.4036095 3.3
-0.74726772 -0.42087135 3.4579613 4
-0.28155079 -0.63766205 3.4935117 3.8
0.36451244 -0.4014338 3.3537457 5
0.57295078 -0.62807041 3.4683528 3.5
1.0015596 -0.6925385 3.4405706 2
1.3747263 -0.69414526 3.3236854 2
1.6084821 -0.70091671 3.2205994 2
2.2312958 -0.69784397 3.5013192 3.3333333
2.5872998 -0.6864934 3.3856966 3.75
3.0120673 -0.60430372 3.3823974 3.8
3.3966577 -0.58295727 3.4886246 4.5
3.8064048 -0.61969393 3.4823561 4.25
4.1318951 -0.62434608 3.5505459 4.5
-9.0393705 -0.23542821 3.392632 5.0990987
-6.4489226 -0.044064533 3.4933708 6.0999999
-6.3097396 -0.244716 3.3293438 3
-5.4263215 -0.15697145 3.5318711 6.0833335
-4.850719 -0.20536581 3.4285145 4.1904764
-4.6363864 -0.17318806 3.306179 5
-4.2858419 -0.1757167 3.357795 5
-3.4684718 -0.22979011 3.4083369 6
-1.6321121 -0.16591461 3.2211463 6
-1.3550445 -0.33645806 3.5397975 5
-1.0037919 -0.2702871 3.333323 5.166667
-0.62513018 -0.12143672 3.4166884 6.25
-0.13568078 -0.18783092 3.3796175 6.1666665
0.2334342 -0.29973504 3.5025814 6
3.0316005 -0.17498758 3.3165135 6.3076925
-9.0117512 0.19694301 3.3694074 7.6406589
-6.5517035 0.37676719 3.2175367 9.0994997
-5.1360831 0.18540433 3.4390445 8.1339998
-4.6325588 0.26592305 3.401849 8.7664375
-1.7098867 0.33931583 3.244745 9.8044996
-1.077754 0.15778041 3.2569292 8.1427498
-0.43117324 0.26186472 3.3019848 9.0918331
-0.30059162 0.34370032 3.4786847 9.8468199
2.9756005 0.21032937 3.2979736 8.625042
-8.9911928 0.61437058 3.3495357 10.263158
-4.661859 0.50212902 3.5365198 10.443929
-0.42413989 0.44958946 3.2173212 10.8825
-0.33672822 0.46306232 3.4107592 10.969438
5.5313406 0.76831365 3.595295 10
6.0547791 0.7360729 3.2476459 10
-8.9984579 0.99987113 3.3951368 12.009009
5.4975462 1.016229 3.5193973 11.379
5.7817035 1.0357337 3.3576229 11.330844
6.0655055 1.0035824 3.2314203 11.374429
-9.0269346 1.2077041 3.3956008 12.875
5.5421376 1.3934094 3.4895768 12.270715
5.7498627 1.4183137 3.367537 11.830025
6.0535393 1.4454123 3.2298355 12.513187
5.5601425 1.8063551 3.5291471 13.346154
5.7454643 1.811273 3.3887949 13.429648
6.0585165 1.8309057 3.2317839 13.622833
-15.537138 2.2907619 3.2083223 12.087
2.7230828 2.3944786 3.5478115 15.1585
4.0892239 2.3304358 3.3132641 14.160249
5.5238519 2.2486618 3.5134277 14.142858
5.7413263 2.2532792 3.4025273 13.440351
6.0465274 2.2607613 3.2459192 13.371124
-15.367136 2.5714841 3.4886501 12.6
4.1165624 2.6418302 3.4858136 14.8601
5.8514271 2.4409511 3.3128674 15
6.0677595 2.4777803 3.2168133 15
-15.37975 2.9872532 3.385987 13.666667
4.1654878 2.819319 3.5181413 15.1605
-15.383189 3.4411914 3.4023321 14.571428
-14.255849 3.5624645 3.5103657 15.0885
-12.321091 3.294044 3.5201745 15.119
-13.617971 3.6069102 3.3375449 15.1175
-9.0089741 -0.44105512 3.6454971 3
-8.6743555 -0.49489388 3.796586 3.0769231
-8.1756697 -0.53715456 3.7590797 2.4000001
-7.8524895 -0.53589392 3.7487712 1
-7.4220676 -0.55321854 3.7351918 1
-7.0590668 -0.56392509 3.7373843 0.42857143
-6.1452117 -0.58527076 3.8655331 2.2
-5.8526473 -0.61404729 3.942543 5
-4.8792319 -0.55685496 3.7540276 2
-4.603868 -0.60906214 3.8046436 2.6666667
-4.1978397 -0.59813249 3.7258635 2
-3.8219345 -0.61107904 3.7365828 2.6666667
-3.3720188 -0.60535425 3.783762 2.6666667
-3.0317664 -0.64440644 3.6441658 2
-2.5280244 -0.66339731 3.6491146 3
-2.1434402 -0.58715367 3.8346658 3.5
-1.9536102 -0.53703904 3.8766205 3.5999999
-1.3884776 -0.61289406 3.8792827 3.4285715
-0.60968065 -0.44983965 3.768949 4
0.51310176 -0.52749896 3.7487037 4.6666665
1.4987206 -0.68568259 3.8936384 3
1.8341606 -0.68483448 3.8284569 3.4000001
2.2004547 -0.68889695 3.8047459 3.5999999
2.5403225 -0.69675398 3.6747272 3
3.0642891 -0.63004184 3.9547539 4
3.2966447 -0.59453756 3.8990924 4.4000001
3.7609093 -0.5459742 3.8042088 5
4.1843748 -0.62065661 3.6786113 4.5
-15.397296 -0.21268365 3.6463363 7
-9.024991 -0.22324875 3.6296563 5.2600002
-8.7507734 -0.2339173 3.8157406 5.109375
-5.3872185 -0.18747522 3.7135136 5.875
-3.6144524 -0.23740628 3.9083247 6
-3.4515507 -0.18274161 3.9937983 6.5
-2.5180192 -0.36849961 3.940594 5
-2.1196723 -0.31364167 3.8710771 4.8000002
-0.91142309 -0.19262543 3.9659097 6
-0.60374933 -0.20704299 3.8560131 5.75
-0.29142097 -0.14729723 3.747926 6.2857141
1.902613 -0.34500343 3.9158669 5
4.3546972 -0.069036447 3.8846889 7
4.5497189 -0.060988393 3.8244426 7
-15.387211 0.28538737 3.6397369 8
-9.005456 0.20169035 3.635211 7.6190572
-8.7358437 0.19965462 3.8271735 7.6583223
-5.4376121 0.0022426955 3.6292067 7
-5.0118265 0.31599402 3.7731602 9.2578096
-4.6839986 0.29910919 3.7833426 8.9007778
-0.14876376 0.20678835 3.8391445 8.4899168
0.18258567 0.2309593 3.9152043 8.5423746
4.3268447 0.21842486 3.9375985 8.25
4.4985237 0.22102456 3.8490853 8.1999998
5.3240347 0.38399845 3.7050412 9
-15.36861 0.7827782 3.6276143 9
-9.0174284 0.62933207 3.6252556 10.225
-8.7247925 0.60132545 3.8155198 10.14211
-5.3076134 0.61349583 3.9376919 10.231
-4.7473879 0.4028579 3.7564425 10.136101
-0.073084667 0.44005981 3.7260728 10.386188
0.13066627 0.48907438 3.8337028 10.280749
4.3219514 0.59345138 3.932116 9.8424244
4.5724392 0.60196936 3.8191726 9.7474766
5.0150647 0.76222563 3.8716826 10.5
5.3853707 0.69214982 3.6952703 10.263637
-9.0179844 1.0397331 3.6171815 12.394737
-8.7214136 0.98840296 3.804477 12.188172
4.3320341 0.93818206 3.925406 10.85
4.5665932 0.97369421 3.8106179 11.303054
5.0174165 0.99912328 3.8632097 11.207562
5.3953943 1.0173235 3.6939228 11.298632
5.6049595 1.169969 3.644475 12
-15.368939 1.28242 3.6219738 10
-8.9744349 1.2501922 3.6411054 13.754001
-8.7254925 1.2218519 3.8477855 13.8125
3.2781301 1.333445 3.8659635 12.153
4.3426261 1.3690845 3.9156027 12.128787
4.5553479 1.4161789 3.8099859 12.92696
4.9690986 1.3706714 3.8818419 12.639874
5.4003272 1.3836997 3.6935444 12.271263
5.6102824 1.4204956 3.6440055 13
-15.335048 1.7826986 3.6421888 11
4.3223839 1.7391856 3.924767 13.235294
4.51759 1.7214639 3.8320355 13.304277
5.0307493 1.7673044 3.8504272 13.564975
5.4116764 1.7751666 3.6859601 13.499503
5.603303 1.6825855 3.6493058 13
-15.31427 2.287991 3.6680729 12
-15.195612 2.2873857 3.9082606 12
4.333859 2.1267607 3.8908727 13.892921
4.4811149 2.1030033 3.8463559 13.444445
5.0118885 2.1841049 3.8655806 14.184813
5.3661952 2.216269 3.6933904 13.414357
-15.266572 2.5926571 3.7270105 12.75
-15.146207 2.6250672 3.9650052 13
2.5119386 2.4333544 3.6966839 15.158751
4.2895632 2.4136326 3.8907037 14.034071
-15.243184 2.9790285 3.6742432 13.666667
-15.123242 2.9763458 3.9535227 13.666667
4.2857022 2.8722999 3.8399153 15.15975
-15.249677 3.3818681 3.7022238 14.666667
-15.132127 3.4614575 3.8842807 14.5
-14.237571 3.5844123 3.7478626 15.089
-13.45819 3.6112342 3.758604 15.1185
-8.8382149 -0.46276611 4.1274743 3
-8.6835079 -0.52017069 4.3985991 3
-8.1441813 -0.53309935 4.2905426 2
-7.8172078 -0.54930276 4.0965643 2
-7.3462963 -0.5543434 4.2695022 1.75
-6.8755627 -0.57273555 4.2157483 2.3333333
-6.5234299 -0.57216042 4.121942 1
-6.2315812 -0.57817405 4.1647825 1
-5.9156795 -0.57546753 4.2059741 2
-5.2088165 -0.57851267 4.1349964 5
-4.1302738 -0.54265374 4.3240066 3.6666667
-3.8490095 -0.61368716 4.2891531 4
-3.4960957 -0.59248316 4.1707273 4.25
-3.0201035 -0.54579043 4.2644835 4.5
-2.5339136 -0.42091131 4.1356549 5
-2.2053504 -0.61200631 4.236527 3
-1.780158 -0.62016416 4.056766 3
-0.95377004 -0.5531379 4.2671785 4.375
-0.12333292 -0.54591447 4.1169119 4.1666665
0.0016884804 -0.61869758 4.225306 4
0.88273972 -0.68486559 4.0463104 3
1.3810904 -0.67562795 4.1283302 3
1.7329037 -0.59409863 4.1662698 3.7142856
2.1951342 -0.64660317 4.1700935 3.5
2.5660632 -0.59688568 4.2383833 4.1666665
3.0520487 -0.48643675 4.2589216 4.8000002
3.435257 -0.54909402 4.1067867 4.6666665
3.7899745 -0.65262216 4.1226296 4
-8.8463421 -0.23996097 4.1072626 4.8809524
-8.796072 -0.039544873 4.0033436 6
-5.3423171 -0.091137998 4.1563258 6
-4.0049772 -0.30411005 4.3061991 6
-3.386483 -0.23444133 4.1504741 6
-3.1717441 -0.18018097 4.1440616 6.5
-2.4967752 -0.27174029 4.1303415 5
-2.353703 -0.35916683 4.028162 5
-1.2766974 -0.20068938 4.2536907 6
-1.0216635 -0.21575473 4.2405925 6
-0.74032712 -0.18294507 4.2369246 6
-0.042199135 -0.064878218 4.1444225 7
3.0713246 -0.19070461 4.3192668 6.4120369
3.3262329 -0.13901499 4.2656865 6.5925922
-8.830699 0.19264384 4.1065836 7.5467834
-5.338726 0.23269571 4.2588491 8.3682642
-4.4737415 0.38648647 4.0626597 9.4516106
-4.2584114 0.26495883 4.3257847 8.6169176
-1.163583 0.0069952384 4.2627854 7
-0.56956863 0.25453585 4.2611094 8.5382862
-0.14098063 0.17581843 4.244442 8.1526003
0.33975565 0.25027007 4.1686406 9.11975
0.55163175 0.37595165 4.2363043 9.149375
2.6676233 0.23560365 4.3475604 8.5830631
2.9970136 0.19032307 4.3339777 8.3231249
3.3856618 0.24515299 4.3036904 8.4650002
3.794848 0.30685702 4.3855352 8.5
4.2515597 0.2599276 4.1404238 8.6341
-8.8253775 0.5915556 4.1088414 9.9226742
-8.7929392 0.61551428 4.0218363 10.5
-5.3884606 0.54584038 4.2545466 10.866505
-5.097486 0.52409989 4.2950134 10.61694
-0.587704 0.46246737 4.3295088 10.1465
0.34625068 0.46209392 4.2458968 10.380542
0.51395392 0.46150357 4.299562 10.150625
2.5317514 0.43886346 4.3719983 10
2.990289 0.45831847 4.3270164 9.7150002
3.3166173 0.43150669 4.2824969 9
3.8756855 0.59677792 4.3575773 9.7857141
4.2506289 0.60629314 4.1831274 9.8571424
-8.8147144 0.97360837 4.099926 12.047619
-8.7969847 1.1715678 4.0500126 12.857142
-5.7092175 0.96301639 4.3459144 12.611
-5.2766156 0.85950404 4.1351094 12.456917
3.9017994 1.0072331 4.3565021 10.93077
4.2313728 0.95681918 4.1922269 10.885015
4.4065118 0.84626275 4.1329532 11
-8.8266354 1.283945 4.1190572 14
-8.7612553 1.3067975 4.0188112 14
3.5401058 1.5062248 4.3901134 13.75
3.8837476 1.386387 4.3529143 12.206667
4.2718787 1.3544914 4.1590185 12.026092
4.4076805 1.5276182 4.1231284 14
3.5695724 1.9033231 4.3774748 13.428572
3.8929393 1.8154446 4.3636265 12.970589
4.2447114 1.7281493 4.1869187 13.057015
4.4018412 1.854448 4.1435738 14
-15.063256 2.2871244 4.1681347 12
3.536459 2.2519476 4.3847113 14.4375
3.8610439 2.2192905 4.361279 14
4.2633848 2.090009 4.174294 13.423775
4.4115372 2.148967 4.1450982 15
-15.041594 2.5637922 4.1775351 12.6
3.5553582 2.661577 4.3840184 15
3.8147669 2.6703472 4.3644047 14.875
4.1633148 2.5622926 4.2196445 14.5
4.4164224 2.5141599 4.1312714 14
-15.024909 2.974426 4.1717372 13.666667
-14.987208 3.3658676 4.1778502 14.333333
-14.020452 3.303319 4.2441401 14.119
-14.159819 3.6033592 4.073225 15.08975
-13.258266 3.6232255 4.2860084 15.11975
-8.9342146 -0.50408012 4.6760788 3
-8.5156002 -0.52603513 4.5621071 3
-8.3281107 -0.52947086 4.7024508 3
-7.735198 -0.53964883 4.5185194 2
-7.4976182 -0.55875516 4.5895371 3
-7.0379457 -0.5606302 4.6127777 2
-6.4885116 -0.57875383 4.6629581 2
-6.2772193 -0.58338934 4.7017136 2
-5.1997142 -0.45693618 4.4101009 5
-4.4985037 -0.58395296 4.522305 3
-3.7633724 -0.51722038 4.5742121 4
-3.3335438 -0.57104737 4.5645213 4.3333335
-3.0258317 -0.58523327 4.5927105 3.5999999
-2.6065097 -0.61642635 4.4912782 3.5
-2.1090279 -0.61029994 4.6558695 4
-1.9147526 -0.42394528 4.4944205 5
-1.1417015 -0.552679 4.567626 4
2.0055244 -0.44609272 4.7319031 5
2.5536838 -0.60403568 4.6316476 4.5
-4.3853383 -0.20699748 4.6170683 5
-3.8696189 -0.26213825 4.465929 6
-3.4007683 -0.22419831 4.5405807 6
-3.0021608 -0.23014675 4.5186219 6
-1.7380652 -0.33128065 4.5122647 5
-1.5427334 -0.38850349 4.6431441 5
-1.1152892 -0.1736933 4.4091344 6
1.9615222 -0.2493979 4.4163342 6
2.6746383 -0.15421608 4.5159478 6.5
3.0637958 -0.18868056 4.6845622 6.4333329
3.3714135 -0.054982942 4.5170364 7
3.7473667 -0.1512316 4.4407444 6.6666665
-4.0360289 0.24591151 4.5113974 8.4460001
-3.8035958 0.17601757 4.5332408 8.1137505
-0.10598841 0.25881284 4.4687824 8.5476999
1.8242396 0.18194486 4.4986339 8.1680002
2.3038716 0.24346928 4.549964 8.6192875
2.5733166 0.24186385 4.4488993 8.5841999
3.051569 0.24723145 4.5443301 8.5324478
3.4002852 0.22972946 4.5606871 8.3290005
3.6998074 0.17233795 4.4673243 8.1111107
-4.2309933 0.43953982 4.6036272 9.1397495
2.295876 0.43691885 4.4764209 10
2.7462077 0.59344012 4.5831003 10
3.008275 0.6202935 4.6267986 10.205046
3.4258049 0.62790859 4.5179949 10.14
3.7035754 0.54239726 4.4496508 9.560607
2.7363918 1.1227357 4.7193403 11.5
2.9630837 0.99851149 4.6901731 10.915942
3.4217393 1.016072 4.5071034 11.346154
3.6905487 1.0057451 4.433969 11.425
2.7471404 1.3869303 4.7578812 11.857142
2.9978762 1.3985676 4.6689773 12.251514
3.4511917 1.3651531 4.4675069 12.024194
3.6784363 1.3226508 4.422852 11.928572
2.7144346 1.8363546 4.7675166 13.166667
2.9840453 1.8152498 4.668242 13.548742
3.4292879 1.78671 4.4781857 13.110066
3.7511969 1.6840813 4.4151087 13.1875
-14.917211 2.2857122 4.4277678 12
-14.750935 2.2824807 4.6872749 12
2.7484295 2.1744244 4.7412095 14.333333
2.9989438 2.2202191 4.6513672 14.647667
3.3724709 2.1874657 4.4917512 14.456375
3.7411208 2.2208991 4.4049859 14.6
-14.887657 2.5741203 4.5757136 12.833333
-14.745373 2.6267834 4.704638 12.5
2.7760921 2.593065 4.749063 15
2.9749901 2.5734746 4.653512 15
3.405793 2.6849122 4.4627171 15
-14.90486 2.9733531 4.4384904 13.666667
-14.766034 2.9732363 4.7418585 13.666667
-14.882996 3.411278 4.5307264 15
-14.706329 3.3585968 4.741118 14.666667
-13.908569 3.6290324 4.7565937 15.091249
-13.032717 3.6172652 4.6778541 15.12075
-9.721159 -0.4876976 5.1226397 4.4000001
-9.555851 -0.48576102 5.1638298 4
-8.5872822 -0.51732099 4.9946003 3
-8.1586781 -0.52974617 4.9940767 3
-7.8087602 -0.53897834 5.0177746 3
-7.3758397 -0.54281676 5.1851134 3
-6.8704934 -0.54790974 4.871438 3
-6.5700979 -0.56615907 4.8909454 2
-6.1013279 -0.57207465 4.9032297 2
-4.8888297 -0.60050553 4.8726463 5
-3.1010649 -0.41792941 4.823967 4.3333335
-2.631465 -0.63754886 4.9365711 4
-2.1932962 -0.63640523 5.0736971 4
-1.9346007 -0.63510394 4.9616256 4
-1.1415551 -0.61018276 5.1671219 4
2.3101172 -0.57001394 4.969162 4.5
2.5870152 -0.55601037 4.9960465 4.5999999
2.9389207 -0.47519016 4.8257656 5
-7.6483393 -0.24940972 5.160305 4.75
-7.1044121 -0.0076085404 5.1885772 7
-2.9997382 -0.14977786 4.9091048 5.9333334
-1.0604663 -0.11207696 4.9629102 6.4166665
-0.27677077 -0.22622065 5.0448313 6
1.1468029 -0.29056266 5.0922737 6
2.3928921 -0.28889582 5.0534019 6
2.5875685 -0.23683672 4.9558463 6.2777781
2.9152474 -0.21553476 4.8484526 6.3333335
-7.3283825 0.25322428 5.0454965 8.0683784
-6.9876022 0.19481896 5.0054436 7.7333331
-3.7821279 0.19025096 4.9724417 8.1145
-3.343442 0.02251137 4.9367924 7
-2.9552207 0.20989355 4.9927716 8.0254993
-2.7923846 0.32249478 4.9078045 8.7953329
-1.2142448 0.13742213 5.0602331 7.7120004
-0.89258265 0.19774634 4.8605762 8.0346251
-0.69106078 0.3994436 4.8463826 9.1389999
0.075557232 0.34380558 4.9076605 8.8168325
2.2367601 0.28385168 4.9828963 8.6622505
-7.6664829 0.58712023 5.0585036 10.212408
-7.4189324 0.7489748 5.1015801 11.082701
-4.1627235 0.41996378 5.0453367 9.1129999
-0.81829786 0.40294877 4.9567628 9
-0.70744258 0.48230198 4.9228282 9.4562416
1.8572809 0.69442761 5.1261191 9.9582682
2.1773252 0.68751746 5.03968 10.461538
2.5722759 0.62752861 4.8808126 10.138888
-7.7213035 0.87399334 5.030457 11.3765
-7.4456787 0.88046741 5.0939002 11.630861
1.9016199 1.0246007 5.1084781 11.108772
2.2205184 0.99089491 4.9914136 11.081501
2.5299945 0.97655505 4.8713589 10.9375
1.7963618 1.4167479 5.141748 12.5
2.1809413 1.403501 5.0043578 12.499007
2.5462799 1.4234542 4.8644581 12.498984
1.8654386 1.7775778 5.1376352 13.625
2.2170434 1.7813833 4.9910855 13.5155
2.5591147 1.7840794 4.8554487 13.606529
-14.583607 2.2888505 5.0502601 12
1.8559577 2.1257486 5.1253295 14.6
2.191783 2.1348875 4.9986115 14.331844
2.5496016 2.1763208 4.8456931 14.275917
-14.633128 2.555228 5.0285287 12.714286
-12.938473 2.6860094 5.0128946 13.1215
-12.139736 2.7674975 4.8715587 15.0925
-8.4773388 2.5997615 4.9254251 15
-8.29352 2.5902905 5.0544105 15.030251
1.9372616 2.4479423 5.1248655 15
2.2302313 2.4617631 4.986299 15.025792
2.5638916 2.5319076 4.8406916 15.034556
-14.586781 2.9664781 5.0461612 13.666667
-14.615504 3.4052877 5.0018201 14.5
-13.662062 3.6248584 5.1517277 15.09225
-12.779346 3.6063831 5.0525517 15.12175
-9.8044815 -0.48089951 5.3820424 4.5
-9.3965073 -0.49212164 5.4185476 4.25
-8.0937128 -0.52335334 5.25981 3
-7.8297276 -0.51250982 5.2668848 3
-7.3289986 -0.53710812 5.5559983 3
-6.3802524 -0.54461056 5.213521 4
-2.4879069 -0.57888991 5.5739117 4
-1.8621228 -0.59365201 5.4367986 4
-1.473402 -0.60260522 5.3070159 4
-7.6115236 -0.033248067 5.2012396 6
-7.4799366 -0.20754963 5.2808166 5.1041665
-7.1856132 -0.047030967 5.308754 6.3333335
1.2696829 -0.30974203 5.596035 6
-7.2412186 0.084404558 5.3868046 7
-6.9457154 0.32487249 5.5537605 8.6155005
-6.7481751 0.23694581 5.3954263 8.1164999
-3.8114147 0.205954 5.4497824 8.1149998
-3.5510707 0.20321196 5.3878441 8.1160002
1.3693478 0.3534638 5.4919777 8.6365004
1.9172292 0.18502492 5.2890811 8.1525002
-7.9106369 0.43799621 5.4051518 9.0787859
-7.4525137 0.62452185 5.3335824 10.1115
-6.9704747 0.62542254 5.3464508 10.531688
-4.1217098 0.43381226 5.2676067 9.1134996
1.1512564 0.75387412 5.4802508 10
1.3901576 0.69399828 5.4278603 9.9375
1.7091632 0.66427213 5.3751316 9.9772272
-7.8080654 0.96576279 5.2345672 12.253531
-7.4654884 1.1030595 5.3978028 12.111216
1.058064 1.0270096 5.5028572 11.164824
1.3962493 1.0259932 5.38695 11.583334
1.7804397 1.0065218 5.3095884 11.797667
-8.0274572 1.504866 5.5611215 13.407333
-7.9915657 1.5018377 5.5461693 12
-7.5589609 1.2302117 5.4292259 11.131
1.04308 1.367916 5.5192275 12.401913
1.3828479 1.4149193 5.3910565 12.7322
1.7745627 1.3945252 5.2868257 12.665479
-8.0335512 1.8865976 5.5369701 13
-7.9796848 1.8231026 5.5526705 13
1.0684987 1.7973357 5.5068355 13.720937
1.4204868 1.7781483 5.3788266 13.741136
1.7586783 1.7328373 5.2831407 13.778719
-14.407701 2.297812 5.435977 12
-7.9830203 2.1435184 5.5184326 14
1.0698826 2.1900444 5.5198784 14.893906
1.3796293 2.2116032 5.3815765 14.739166
1.7194542 2.1626544 5.226264 14.358833
-14.464343 2.5862467 5.3724556 12.333333
-14.336726 2.6215858 5.5515771 13
-8.0662498 2.5904946 5.3127136 15
-7.8978558 2.528398 5.508894 15
1.7629399 2.4213939 5.2170162 15
-14.451148 2.9600523 5.2522049 13.666667
-14.331126 2.965688 5.5231647 13.666667
-14.450084 3.4264715 5.2434273 14.666667
-14.322696 3.39991 5.5133848 14.5
-13.394599 3.5983405 5.4009295 15.093
-12.530581 3.6006954 5.426312 15.12275
-9.7377939 -0.47570845 5.6204762 4
-9.4401836 -0.48928493 5.798254 4.5
-8.9609337 -0.5062387 5.7641678 4
-8.5927124 -0.5041461 5.9179091 4
-8.2144775 -0.477662 5.8119578 4
-7.993403 -0.45443043 5.6679235 4
-5.7992129 -0.5708003 5.7570677 3
-4.8787122 -0.60931724 5.8773279 5
-4.4815159 -0.57549125 5.6734743 5
-4.0052643 -0.60788524 5.7252574 5
-3.8758833 -0.52952194 5.707469 5
-3.2376208 -0.50775433 5.7563982 5
-1.5596113 -0.47519517 5.7476473 5
-8.053297 -0.22148412 5.6372476 5.1923075
-7.9930062 -0.13531949 5.6342111 5.75
-5.2275181 -0.16310117 5.9966111 6
-4.5700502 -0.17646632 5.8039446 6.5
-3.0051999 -0.38309994 5.8396711 5
-1.2552325 -0.23202471 5.8530426 6
-8.8751984 0.064467937 5.9957361 6.8000002
-8.0270119 0.1870653 5.635366 7.4444447
-7.9634314 0.32033604 5.6823301 8.2723999
-3.9456179 0.049555533 5.6924219 7
-3.5403252 0.2178809 5.8337784 8.1164999
-3.0901241 0.21156359 5.8224597 7.9729996
0.95158052 0.19172092 5.7186966 8.1494999
-8.8545103 0.60454875 5.9855585 9.5
-4.7300973 0.73930633 5.8165436 10.112
-3.9178758 0.46621653 5.8029842 9.1149998
-0.011658669 0.73401147 5.9877381 10
0.14984098 0.75311524 5.9054465 10.022923
0.54880071 0.76528955 5.7341361 10
1.0897274 0.48947048 5.8212023 9.1424999
1.303104 0.48269653 5.7235274 9.1501665
-8.8294983 1.0074948 5.9867172 11.5
-7.3030715 0.93279004 5.7117863 11.489751
-4.6588001 0.99664283 5.8097205 11.11225
0.18401393 1.0055965 5.905045 11.21192
0.60947663 0.96975327 5.7363853 11.168039
0.92835987 0.90848464 5.641057 11.299999
-8.8615923 1.3041933 5.9818249 13
-8.0700455 1.3483343 5.6672797 12.2657
-7.9480271 1.4369316 5.7076573 13.565818
-7.5186558 1.2348806 5.6868091 12.106
-0.016829586 1.4061579 5.9941721 12.4
0.2033875 1.3780838 5.9050441 12.559524
0.61967778 1.3800563 5.7292204 12.74
0.94352114 1.3670082 5.630003 13.2
-8.8240938 1.7249891 5.9609175 13.827363
-8.0203543 1.7385105 5.6571898 12.333333
0.2252257 1.7794572 5.89819 14.045455
0.6432451 1.774983 5.7210174 13.852039
0.97177303 1.7706621 5.6177721 14.5
-14.247252 2.3079059 5.7893829 12
-8.7451935 2.3285182 5.8767614 14.101
-8.1622572 2.2615514 5.7264013 14.0463
-7.924643 2.2712309 5.8009129 14
0.21265583 2.0826049 5.9063282 15
0.573129 2.1772783 5.7454791 15
0.8118577 2.2842205 5.6428905 15.1505
-14.27021 2.522408 5.7785459 12.666667
-8.6979942 2.5664783 5.8562775 14.61525
-8.3247499 2.5729918 5.6790199 15.1015
-7.7807298 2.5480735 5.8063159 15
-14.214568 2.905122 5.7347107 13.666667
-14.199681 3.3864837 5.7604675 14.4
-12.236759 3.5944657 5.8350687 15.123875
-10.966752 3.2786839 5.6835351 15.12525
37.007622 6.3601041 5.9086003 12.164
-11.146476 -0.52142149 6.0180101 6
-9.2646751 -0.48938146 6.0438237 4
-8.914669 -0.47835895 6.095408 4
-8.568697 -0.49129918 6.3541121 4
-7.7169127 -0.49096927 6.3067412 4.4000001
-4.5120077 -0.57847548 6.3147659 5
-9.3708229 -0.088813618 6.3087554 6
-8.990943 -0.1651801 6.1010404 5.6944447
-4.4302511 -0.15682316 6.2692704 6
-3.2602355 -0.28900325 6.1290398 6
-1.432004 -0.19845724 6.1711488 6.1666665
-0.9259038 -0.12686697 6.3195558 6.5
-9.4115915 0.195981 6.3240075 7.4117646
-8.9726191 0.17983299 6.0981946 7.3870969
-4.6224651 0.34310913 6.2903767 8.6304998
-0.96861589 0.23588529 6.3104997 8
-0.78268647 0.23702285 6.371623 8
0.24289846 0.22681531 6.0220051 8.1394997
-9.3763609 0.68639517 6.2980413 9.6500006
-8.9842234 0.65010893 6.0956693 9.6470585
-4.654994 0.42808446 6.3095016 9.129199
-3.6580517 0.47960907 6.0512533 9.11625
-3.5390978 0.5011068 6.3900967 9.1169996
-0.96086538 0.67681521 6.3062196 10
-0.55452621 0.67214698 6.3591824 9.75
-0.22984089 0.59453458 6.2359614 9.4285717
-9.4412289 0.99395132 6.3359442 11
-9.0134497 0.99667329 6.1304884 11.277778
-1.2085574 0.96078986 6.3899183 11
-0.9936797 0.95784652 6.3302078 11.188643
-0.57438248 1.02767 6.3620934 11.230769
-0.15405478 0.98600537 6.2120609 11.124244
0.022973971 0.97504896 6.0484357 11.5
-9.619441 1.4645253 6.3964257 13
-9.4034634 1.3896034 6.3023386 12.770834
-8.9895601 1.3282366 6.0915346 12.733334
-7.8305707 1.2645512 6.197041 11.011416
-1.2243991 1.2120651 6.3949075 12
-0.99679619 1.3487359 6.322196 12.771366
-0.58074009 1.428027 6.340127 12.855055
-0.16357116 1.3660318 6.2058721 12.592592
0.027076215 1.4463981 6.0524225 13.1
-1.2064896 1.721764 6.3732734 14
-1.0107906 1.7905529 6.318574 14.505485
-0.57637465 1.8017781 6.3334594 14.272793
-0.12442304 1.7661257 6.1814227 14.079365
0.037441485 1.8129673 6.057817 14.333333
-14.065153 2.3212643 6.1881719 12
-9.6470966 2.2921658 6.2697978 13.1285
-9.0816689 2.2061427 6.2574415 13.1295
-7.7234817 2.2786193 6.1626077 14.018929
-0.92551637 2.0141425 6.2873597 15
-0.57659054 2.0715625 6.363914 15
-0.1888133 2.111062 6.2141461 15
0.019328654 2.0773134 6.0708151 14.875
-14.130325 2.5229325 6.1149116 12.5
-13.980149 2.5567441 6.3685799 13
-9.6629639 2.695487 6.2844801 14.1285
-9.1380434 2.5645201 6.0585299 14.129
-7.6341243 2.5959671 6.1371856 15
-7.5251546 2.6672606 6.1745744 15.063
-14.093363 2.9567871 6.0975885 13.4
-13.94901 2.9280236 6.3349309 13.666667
-9.6878986 2.9551241 6.2882824 15.1
-9.1881275 2.8141432 6.0646763 15.1005
-14.066096 3.4479585 6.142776 14.4
-13.948521 3.3935368 6.3249764 14.666667
-11.727111 3.325927 6.0320606 15.096251
-12.924356 3.6255727 6.2553053 15.095125
-11.113782 -0.45004678 6.7454658 5
-10.630836 -0.43287468 6.7968407 5
-10.294376 -0.41243827 6.6805992 5
-7.6226721 -0.48261955 6.497396 4
-7.53057 -0.50843263 6.7412648 4
-4.7925444 -0.43640119 6.7869844 5
-4.2019725 -0.61158001 6.7185946 5
-3.9533393 -0.57910877 6.5597296 5
-2.2338147 -0.46831816 6.6936178 5
-10.088611 -0.14305744 6.6803112 6
-9.8373251 -0.15067869 6.571619 5.9230771
-8.914011 -0.19513482 6.4226933 5.5
-7.6861897 -0.090127796 6.5526748 6
-4.6138577 -0.12830578 6.4596477 6.375
-2.2120357 -0.33773848 6.6995502 5.7857141
-1.9902642 -0.29951286 6.6990633 6
-1.4096098 -0.12273069 6.6509757 6.5
-1.1845024 -0.0039509013 6.6515598 7
-10.196833 0.1806574 6.6785178 7.2941175
-9.8120623 0.20657395 6.5061984 7.4545455
-1.3751547 0.24743192 6.6894321 8
-1.1913288 0.24572587 6.6526589 8
-0.65387774 0.23837858 6.4337749 8
-10.278849 0.63481009 6.6990571 9.1333332
-9.8365145 0.66640902 6.5007315 9.3999996
-3.4530015 0.79018027 6.629818 10.1175
-1.3203368 0.60167766 6.6701388 9.5958338
-1.1837498 0.69806093 6.500422 10
-0.68939352 0.61429411 6.4314013 9.5
-10.197289 0.98965979 6.6653118 10.488973
-9.7970943 1.0251362 6.4806929 10.7302
-3.5314572 0.88396239 6.5640697 11.135
-1.3786169 0.94560051 6.7358379 10.916667
-0.6452145 1.0461073 6.4343057 11.571428
-10.197264 1.3405024 6.6498985 12
-9.8070135 1.277792 6.4785962 11.850166
-7.6331139 1.3330476 6.5573869 12.256072
-7.4730539 1.2798902 6.7794151 11.1055
-1.3224729 1.4026549 6.6253815 12.720881
-1.1756396 1.5075635 6.6298432 13
-0.66095656 1.45752 6.4252458 13.055555
-1.3252991 1.805324 6.6874847 14.277824
-1.1669613 1.7561011 6.5837173 14.095333
-0.66076905 1.7215116 6.4337225 14.5
-13.886074 2.3375549 6.5933523 12
-10.41959 2.3581808 6.6763182 14.1
-8.6042337 2.204195 6.6920671 13.13125
-7.4915452 2.3143857 6.5721397 14.070251
-1.3345897 2.0589943 6.7234144 15.013909
-1.1502723 2.0214865 6.5397635 14.971849
-0.68182564 2.028784 6.4163022 15
-13.895978 2.5405879 6.6390343 12.5
-10.486236 2.7241435 6.6998472 15.1
-7.3990645 2.6498981 6.5890393 14.904428
-13.868904 2.9766996 6.5971847 13.4
-10.247263 2.9786954 6.5416985 14.61375
-13.810872 3.4349663 6.648387 14.285714
-13.386631 3.3756056 6.6980581 14.062
-12.625323 3.2792628 6.4354081 14.1245
-11.603214 3.5930822 6.6862035 15.12625
-11.32556 -0.42403534 7.0873504 5
-10.981301 -0.43984222 6.899241 5
-10.786194 -0.40133354 7.0624719 5
-10.37866 -0.44326964 7.1157227 5
-7.3013849 -0.50085348 7.1589403 5
-6.1170464 -0.54907405 7.069901 4
-5.8542471 -0.55531216 7.0789165 4
-1.8128865 -0.50037777 6.9399376 5
-10.863251 -0.39748022 6.9515634 5
-10.679678 -0.28164047 6.909101 6
-9.5430212 -0.35647786 6.9975753 5
-3.8840179 -0.03067923 6.9249105 7
-2.8814659 -0.31681105 6.9675689 6
-1.8602549 -0.26374322 6.9355888 6
-11.300895 0.23671491 7.1810627 7.5
-10.967879 0.23812051 7.0270505 7.5
-10.645463 0.25817764 6.8770857 7.5600004
-2.0389757 0.26015967 7.0404282 8
-1.8305222 0.088540204 6.9317341 7.3333335
-1.5195937 0.00063038617 6.8025799 7
-11.351302 0.59980965 7.1776667 8.7142859
-11.040756 0.65776306 7.0377402 9
-10.646806 0.64345902 6.8639808 9.0166664
-2.3047485 0.77645361 7.1561532 10
-1.8163369 0.50724781 6.9206924 9
-1.4937799 0.69692457 6.8073282 10
-11.349663 0.96401453 7.1785774 10
-10.93012 0.99689269 6.9901991 10.213267
-10.62777 1.0216876 6.8545856 10.42564
-7.3603783 1.1873434 7.1543827 12.11525
-2.6184814 0.9475835 7.1571307 10.666667
-2.2351623 0.97474575 6.9801993 10.857142
-1.7513969 0.97698212 6.9028282 10.933333
-1.5365803 1.0402695 6.8260851 11.770875
-11.281906 1.2995765 7.1470733 11.2
-11.067598 1.3876354 7.0470815 11.615385
-10.662566 1.3883381 6.8606453 11.875
-7.4371643 1.3407912 6.9725065 12.753364
-2.5872149 1.3843315 7.1368155 12.44005
-2.1921647 1.3385699 6.9382515 12.385764
-1.7910199 1.4211942 6.9259729 12.659154
-1.542455 1.3758664 6.8261909 12.708349
-2.5979779 1.796298 7.1424866 13.963449
-2.2309096 1.8516053 6.9740763 14.34845
-1.8196214 1.8252372 6.9199386 14.281005
-1.5433983 1.7460792 6.8334732 14.234863
-13.771105 2.3491766 6.8525696 12
-11.292002 2.3788669 7.0701489 15.102
-10.9931 2.3500001 7.0123963 15.074227
-10.732647 2.3255119 7.077064 15
-8.1640244 2.2019691 7.0526576 13.044083
-7.3318739 2.294054 7.0488176 14.90865
-2.608928 2.1007149 7.1507797 14.95925
-2.2683127 2.0674291 6.9924655 15.0375
-1.7617862 2.0448074 6.895967 15
-1.4973463 2.0280957 6.8196197 15
-13.722386 2.5643442 6.9974041 12.666667
-11.478634 2.4834085 7.1671185 15.101001
-7.3128319 2.5412376 7.0144219 14.283751
-7.0976868 2.6933112 6.991374 15.104063
-13.696972 2.9721358 6.9742908 13.333333
-13.562255 3.0192416 7.1641111 14
-11.634203 3.1943276 7.1416564 14.127
-11.381275 2.9845233 7.100297 15.099
-10.85049 2.8841102 6.8420882 14.7755
-7.0878811 2.824105 7.1766372 15.1355
-13.74169 3.4755344 6.843698 14.8
-13.456932 3.3944945 6.9593711 14.8
-11.466748 3.539032 7.0329819 15.11275
-10.88114 3.3784263 6.8229122 15.11325
-12.405705 3.6315212 6.945776 15.097
-12.265327 3.6346948 7.1264505 15.0975
43.137283 7.2361693 7.0821548 12.163501
-10.764078 -0.4124234 7.2540903 5
-10.009611 -0.44949675 7.4027486 5
-2.403919 -0.50156528 7.2090306 5
-11.520507 -0.23466784 7.2918582 6
-5.960084 -0.25970402 7.4529257 5.5
-4.5166616 -0.34111616 7.4412346 6
-2.8303671 -0.32133988 7.4348016 6
-2.6409707 -0.32219017 7.3557391 6
-11.642676 0.24277341 7.3356233 7.5
-11.386825 0.12765414 7.2141171 7
-7.2774954 0.075324088 7.3933725 7
-7.1909223 0.047695816 7.593636 7
-5.9399176 0.07266973 7.4453807 7
-12.057352 0.4322325 7.517561 8.0985003
-11.618416 0.6901961 7.2953682 9
-11.505686 0.59588039 7.2558756 8.599
-5.9698048 0.40687752 7.4599776 8.623167
-3.7274446 0.75187337 7.546526 10
-3.1835926 0.79612422 7.3916373 10
-11.614471 0.9902733 7.2962418 10
-11.466276 1.1413459 7.2213082 10.099
-7.252183 1.0951689 7.4276848 11.245875
-3.6396699 1.084318 7.58567 11
-3.4146595 1.0543456 7.4810386 10.956062
-2.9798911 1.0156555 7.3298402 10.9
-2.5949488 1.0454087 7.2239189 11
-11.615051 1.2932936 7.3021436 11
-11.452444 1.2648821 7.2382812 11
-7.2976761 1.4186286 7.2406607 13.117
-7.1691594 1.2739288 7.5314407 11.781001
-3.6283867 1.4023455 7.5569596 12.039166
-3.3689127 1.4273409 7.4958591 12.574321
-2.9913065 1.4084094 7.3197455 12.37691
-2.7634914 1.4889898 7.2164879 13
-3.6830473 1.8541094 7.5878248 13.465167
-3.387763 1.7961603 7.4896626 13.70252
-3.0196245 1.8332963 7.3470392 13.682
-2.7739837 1.8907517 7.2255044 14.590625
-13.564698 2.3723385 7.3200502 12
-10.559664 2.3294506 7.3192964 15.041899
-10.201658 2.3272033 7.4935737 15
-9.2344732 2.2555089 7.242424 13
-9.0587616 2.2620227 7.4167976 13
-7.7980652 2.2020676 7.3362241 13
-7.4353538 2.1997716 7.5804629 13
-7.0889244 2.3779638 7.4735732 14.776334
-3.3980031 2.1605546 7.498476 14.900437
-2.9695711 2.1539218 7.3122373 15.024083
-2.7757001 2.0732279 7.2320123 15.054562
-13.656279 2.5377653 7.2749076 12
-13.517321 2.6036434 7.3900166 13
-11.811969 2.578495 7.3115592 15.100499
-7.2138338 2.5071833 7.3608394 14.1355
-7.0110068 2.6217744 7.451653 14.544188
-5.5982738 2.5573864 7.2873998 15.126
-13.491515 3.0040324 7.4144897 13.303643
-11.89996 3.1371374 7.3344097 15.0985
-6.9681869 2.8551855 7.4282031 15.043292
-13.499963 3.4940052 7.3778553 14.333333
-12.47676 3.3416274 7.5656905 14.774166
-12.041883 3.6098387 7.242609 15.098
-10.643875 -0.43488565 7.6717734 5
-10.260506 -0.44318303 7.9765706 5
-9.4149704 -0.45819592 7.7742023 5
-6.3409901 -0.41584671 7.8943653 5.3333335
-13.375998 -0.12253603 7.8903208 7
-11.420979 -0.32832479 7.9357476 6
-10.924552 -0.20043249 7.6192555 6
-4.2414761 -0.033636995 7.6996021 7
-13.409963 0.35862666 7.7473297 8.0970001
-7.0999808 0.21917133 7.7757273 7.6666665
-6.4726772 0.31400251 7.8591223 8.1210003
-6.1683187 0.18705547 7.7885509 7.5
-3.9944379 0.0077625588 7.8979306 7
-7.0057049 0.5944159 7.8234887 9.2478647
-6.6299987 0.62556493 7.8051286 9.46945
-6.1856155 0.60699224 7.7215624 9.352458
-5.9928656 0.654423 7.7751698 9.6230001
-4.5545368 0.50544423 7.7913857 9.1274996
-4.2018723 0.69937557 7.684989 9.9077768
-3.9128432 0.77530622 7.8332362 10
-13.446144 0.92495883 7.6927166 9.1112499
-7.0141759 0.99964291 7.8750834 10.825157
-6.0421686 0.95715702 7.8603392 10.618626
-4.5015516 1.1505744 7.9997377 11
-4.1977496 1.0281948 7.8770242 10.931962
-3.7906892 0.97685176 7.7629061 10.857142
-7.0627346 1.2721797 7.7587008 12
-4.4560509 1.5343212 7.9968362 13
-4.1539407 1.3990277 7.8595099 12.348909
-3.7722778 1.3934993 7.7228947 12.385567
-3.5367835 1.3234826 7.6131892 12.0775
-13.236591 1.7599727 7.9771338 11
-4.1403265 1.8030277 7.8522515 13.677017
-3.765449 1.8072603 7.7253294 13.9577
-3.5559542 1.7786363 7.6247435 13.5775
-11.948339 2.3630824 7.8020902 14.10125
-10.858266 2.2543569 7.9792771 12.1295
-10.219123 2.329689 7.6818948 15.1065
-9.8039932 2.3173947 7.7615757 15.067395
-9.4018202 2.3096671 7.9313889 15.108626
-8.8082418 2.2634704 7.6087742 13
-8.4865732 2.2624245 7.8227663 13
-8.1850815 2.2592628 7.9983606 13
-7.1413536 2.1888385 7.7107172 13
-4.4994011 2.2256243 7.9678082 14.13
-4.1071029 2.1204891 7.8429728 14.826324
-3.7881672 2.1895676 7.6835914 14.93019
-3.5674856 2.2425456 7.6199756 15.0775
-13.340092 2.6272767 7.7838192 13
-13.140203 2.6110737 7.8992748 13
-12.491228 2.4670203 7.6014433 13.098
-6.9745998 2.4815829 7.8114953 14.741166
-6.6763558 2.7442579 7.8264704 15.06975
-4.4931407 2.5671322 7.952661 15.13
-4.1546082 2.4852295 7.8646617 15.079499
-13.267204 3.05774 7.7800021 14
-13.140678 3.0535212 7.9014931 14
-6.7440128 2.8368416 7.7944355 15.116625
-13.283398 3.5090134 7.7399368 15
-13.109648 3.4965203 7.8767042 15
-9.6094255 -0.44427148 8.2290478 5
-6.8951416 -0.46329129 8.2286005 5
-6.7851701 -0.47653735 8.3887653 5
-5.6629677 -0.44611922 8.3060522 5
-13.277484 -0.3813979 8.0064983 6
-13.25508 0.04291781 8.0672235 7
-6.898592 0.17055959 8.1433449 7.5085225
-13.253554 0.47161481 8.0421705 8
-13.082483 0.46936262 8.119278 8
-13.237988 0.89932632 8.016654 9
-13.083275 0.90172577 8.237381 9
-6.8819866 1.0090165 8.1679306 10.809125
-6.4692469 1.0608162 8.1165247 11.121
-5.8321967 1.1220565 8.0805922 11.1195
-4.8159704 1.1766849 8.1449776 11
-4.7854929 0.96741462 8.1197042 10.1145
-13.232162 1.3312708 8.0418806 10
-13.111355 1.338438 8.2790785 10
-6.9009361 1.279212 8.1574144 11.847799
-5.3855438 1.5272574 8.3863945 12
-5.0307522 1.4880834 8.2526436 12.313422
-4.5563149 1.4946203 8.0375891 12.512542
-13.154496 1.7791291 8.2764196 11
-5.3821774 1.8328012 8.3898926 13
-4.9601316 1.8171531 8.2194786 13.621555
-4.5783629 1.7551793 8.0573874 13.025083
-13.226813 2.1997621 8.0127726 12
-11.744212 2.3650856 8.1035013 14.10275
-11.38869 2.3558629 8.2500591 14.1035
-10.754189 2.2687361 8.1968145 12.13
-9.3816414 2.3135676 8.1042824 15.109876
-8.9362516 2.3289959 8.2975025 15.111101
-8.6460609 2.3189421 8.3368282 15.111751
-8.0770693 2.2613683 8.0766602 13
-7.8030152 2.2893462 8.1799192 14
-7.4230824 2.2835202 8.3314657 14
-5.3481092 2.1808004 8.3400068 13.810375
-4.9680963 2.1701505 8.2176304 14.736523
-4.6092734 2.1847169 8.0494795 14.367458
-6.7217464 2.5410604 8.3138523 15.056376
-5.3205171 2.5499279 8.3387461 15.042834
-5.0185933 2.6645696 8.2419949 15.11225
-4.6421227 2.5748169 8.0727205 15.113
-6.6747656 2.9130402 8.0692101 15.127
-5.5245018 2.8099241 8.3982306 15.128
-7.7970071 -0.490585 8.5495949 5
-7.0982451 -0.49922097 8.6821594 5
-5.8354139 -0.47534123 8.717947 5
-13.223645 -0.12233156 8.4347935 7
-12.747084 -0.31281772 8.6195593 6
-10.011917 -0.22940987 8.7108345 6
-9.9488983 -0.22800262 8.6904297 6
-5.6822052 -0.20559648 8.6580143 6
-5.5802341 -0.20097911 8.509203 6
-10.231764 0.38766113 8.789011 8.1075001
-9.8631868 0.20793703 8.663002 7.4285712
-6.7553148 0.19063307 8.5975122 7.5597
-5.6461177 0.18787855 8.6526661 7.5
-10.193034 0.62108129 8.7399426 8.8223562
-9.8945646 0.56587809 8.6922235 8.5714283
-5.6352148 0.58336425 8.628232 9
-6.687983 1.1297938 8.6684084 11.119
-5.7141151 0.97669643 8.6468668 10.333333
-5.2254786 0.81279069 8.4526157 10.1245
-13.10111 1.4156018 8.549449 10.108167
-6.6678686 1.3342454 8.6254997 11.809999
-6.2024841 1.5238248 8.7375135 12.416666
-5.7461295 1.4391285 8.644453 11.754499
-5.3602524 1.3427931 8.4225388 11.358001
-12.9213 1.9362599 8.750988 12.101001
-6.5242882 1.8243823 8.7585125 13.176888
-6.2587934 1.8289798 8.7144108 13.245999
-5.8005605 1.8780547 8.6976633 13.166667
-5.2920079 1.9292655 8.4532795 13.074
-12.930532 2.3178034 8.7677031 13.101001
-11.410307 2.3578029 8.4144421 14.1045
-11.033222 2.355288 8.5828419 14.105326
-10.600801 2.3272607 8.6821804 13.612437
-10.250463 2.2700422 8.6654797 12.1315
-8.6488342 2.3206687 8.4599018 15.112875
-8.2173347 2.2982874 8.4503822 15.071
-7.8113031 2.2842193 8.5406313 15.0464
-7.3996353 2.2749841 8.6317654 15
-7.0317159 2.2750611 8.608798 14.647058
-6.6025672 2.2486272 8.6616869 14.808499
-6.2823882 2.2501025 8.7154236 14.704999
-5.7789283 2.2334025 8.6939011 14.333333
-5.409616 2.1982677 8.4275351 14.024667
-6.5497007 2.5283656 8.5794754 14.4597
-6.2001114 2.5857034 8.7626143 14.845999
-5.7477102 2.5682368 8.6923018 14.914701
-5.4280128 2.5391643 8.4402914 15.024667
-6.2752419 2.9144554 8.6817503 15.052141
-5.9001598 2.9490447 8.7323799 15.129749
-5.466476 2.8222973 8.4291325 15.1325
-8.2086849 -0.47863218 8.9541092 5
-6.7895737 -0.48022655 8.9503479 5
-6.155107 -0.47555766 8.8479042 5.5
-8.2467241 -0.30600408 9.1553173 6
-6.702868 -0.23412542 8.8669233 6
-6.0960441 0.061308905 8.8539066 7
-12.961634 0.48557925 8.9505882 8.0994997
-12.96108 0.95830345 8.9350052 9.1090002
-12.87684 1.4244184 8.9519348 10.0995
-6.2061667 1.4299197 8.863224 12
-12.867989 1.9482743 8.938983 12.1017
-6.8552995 1.7814596 9.1406422 13.11975
-6.6391225 1.8061041 8.8307152 13.413666
-6.1690917 1.8235084 8.8409319 12.861112
-12.832586 2.3284302 8.9898586 13.10185
-12.747213 2.3336501 9.1845684 13.10275
-11.482739 2.3255551 8.9788876 12.1015
-10.667324 2.3480997 8.8848286 14.10725
-10.188568 2.3345807 9.0303116 14.108299
-9.8104906 2.2976298 9.0986481 13.076584
-6.6692305 2.001843 8.8580198 14
-6.1507235 2.2853293 8.8386631 14.5
-6.4150381 2.5058038 8.824584 14
-6.1387224 2.5558653 8.862957 14.51825
-6.1015677 2.9194748 8.8653555 15.068166
34.01004 4.7916532 8.9370203 11.1605
32.110176 5.2828817 9.1474781 12.127
32.708172 8.534585 9.1560869 14.16
33.177456 9.1907444 8.9339838 15.1275
-9.8741798 -0.21298349 9.41782 6
-9.8059254 0.1022919 9.2941065 7
-9.7977467 0.41597643 9.330513 8
-12.656852 0.92237681 9.4640865 9.1005001
-7.4849768 1.9309514 9.4372082 13.31705
-12.640284 2.3705771 9.4251957 13.103
-11.060364 2.3388405 9.4062605 12
-9.8310299 2.3275163 9.2628288 14.110126
-9.4168701 2.3226347 9.3954973 12.738
-8.8927794 2.2965558 9.5275221 13.584374
-8.0257006 2.2274981 9.5202446 13.613251
-7.6719809 2.1740222 9.4924116 14.016451
-7.3248963 2.0632758 9.3767347 13.415151
-7.0770531 2.0722666 9.2609997 13.490938
34.93924 8.33288 9.4149055 14.1275
33.103317 9.4001579 9.4709301 15.00225
33.220699 9.247654 9.5704775 15.127
-8.1147089 1.8946263 9.705739 12.1105
-12.609104 2.1234319 9.6758356 11.1295
-12.179179 2.3990581 9.9247017 13.1045
-10.573229 2.3461027 9.8109932 12
-8.8878374 2.2612119 9.6586285 12
-8.6072407 2.3085363 9.7354422 13.1975
-8.3046312 2.3069227 9.7613478 13.827643
-12.483025 2.4007664 9.693305 13.1035
-12.293365 2.401355 9.9653368 13.105
32.333588 4.6342931 9.7845945 11.1595
34.483433 4.8899226 9.7627754 11.16
32.048103 5.8614783 9.668334 12.1595
35.117813 7.73032 9.8945704 13.16
33.085541 8.2808571 9.9860306 14.0085
34.542511 8.2927876 9.9351082 14.0655
32.441944 8.5243025 9.7394562 14.1595
34.149097 8.4998102 9.7990818 14.0005
-10.569935 -0.28985363 10.101668 6
-10.295977 0.44630733 10.115835 8.1099997
-9.4144049 1.908553 10.267063 11.135
-9.0385571 1.8654526 10.139776 11.1355
-10.025823 2.3433855 10.155677 12
-9.8427887 2.343343 10.269371 12
-12.030885 2.400512 10.045083 13.105
32.639103 6.6476994 10.001015 13.0035
35.425957 6.4017863 10.01416 12.16
33.795135 7.5036497 10.191933 13.1595
33.37682 8.0789795 10.214299 14.0035
32.763977 9.2254734 10.003738 15.0035
-10.371872 0.83038974 10.735624 9.1105003
-10.495759 1.9661108 10.793047 12
-10.997161 2.3660567 10.560532 13.074769
-10.593971 2.3549199 10.777967 13
-10.340967 2.3206847 10.725255 13.1105
32.838154 5.4604611 10.60709 12.126
33.964565 5.923851 10.440399 12
32.902634 7.9700961 10.742186 14.126
34.170853 8.5578289 10.461102 14
34.882172 10.105737 10.659939 15
-10.820288 0.85946095 10.963287 9
-10.683148 0.83702707 10.874412 9.0654001
-11.317564 1.2897512 11.192147 10.108749
-10.953042 1.2501954 11.027822 10.046499
-10.589047 1.2215066 10.858253 10
-11.313179 1.6910036 11.197172 11.108749
-10.888846 1.6371228 11.007117 11.046607
-10.592269 1.7919581 10.854721 11.5
-11.329798 2.0986829 11.185932 12.108299
-10.983431 2.045332 11.030088 12.0651
-10.661985 2.1838081 10.874619 12.5
31.872227 4.1328583 10.91917 11.1255
32.178944 4.4711637 11.15858 11.179
32.272064 5.4227877 11.179442 12.0025
32.004555 5.6625352 11.076594 12.179
31.795101 7.1846066 10.877302 13.1585
35.771996 7.5056844 10.87081 13.0085
32.194439 7.8443003 11.136399 14.1255
-11.663677 1.3050389 11.286569 10
-11.386368 1.2840638 11.229817 10.108
-11.663692 1.7253165 11.298913 11
-11.379443 1.6956486 11.229865 11.107999
-11.656287 2.147783 11.29823 12
32.962448 4.2779598 11.442126 11.0025
32.529491 5.4471617 11.265003 12.1255
31.138096 6.7231054 11.319468 13.007
34.649654 7.3315639 11.211319 13.008
37.12698 7.8741832 11.406622 13
32.623131 8.0033875 11.266599 14.0025
33.524429 8.9179516 11.461142 14.1585
32.920818 9.3174944 11.381218 15.1255
13.553945 2.6226165 11.748315 11.1525
34.706108 3.2074096 11.896752 10.1255
34.481613 5.0049462 11.884001 11.1585
33.767574 8.5706863 11.653219 14.179
35.910351 9.0163469 11.611478 14.008
34.639198 10.167904 11.935845 15.179
36.42038 10.248719 11.883581 15.126
34.038963 3.1651266 12.336029 10.125
32.809807 3.5074418 12.010432 10.158
33.153145 5.9094229 12.146348 12.1785
33.372051 5.6161356 12.081174 12.125
31.763718 6.9079628 12.238862 13.0065
33.211632 8.4923801 12.079138 14.007
33.605225 8.5915661 12.270776 14.1785
34.163376 5.0030713 12.491503 11.158
32.286903 5.7159581 12.4738 12.0065
32.840782 5.8996525 12.685028 12.178
34.063694 5.7613497 12.494926 12.002
30.952278 6.7975221 12.583105 13.006
33.943951 8.3814411 12.411143 14.002
34.276031 9.176755 12.448681 14.158
34.741489 9.9702129 12.687613 15.002
34.354649 10.194972 12.483793 15.007
34.742107 10.270819 12.668912 15.1785
36.260513 10.32831 12.527843 15.0025
33.657974 4.6010714 13.049549 11.0065
34.995979 4.5724711 12.863008 11.002
31.650295 5.6581511 12.902201 12.006
33.352695 8.592886 12.84458 14.092251
33.665657 10.078425 12.943976 15.0065
9.0486507 3.8070238 13.553321 13.1475
34.533813 10.284445 13.279931 15.178
8.6813726 0.99434668 13.718654 9
8.6496487 1.6728778 13.763331 10
8.6918316 2.3532023 13.715153 11
9.1400776 3.1250083 13.647386 12.1475
33.583775 8.7242279 13.661218 14.006
8.0890141 1.0880365 14.252377 9.1684999
7.1898022 1.4288219 14.702665 10.103
6.5162082 1.0988616 15.133468 9.1555004
6.1471734 1.4270579 15.146698 10.101
6.5576291 1.4312063 15.024527 10.101749
0.68171692 1.1699616 17.559731 9.1295004
0.69894028 1.8082626 17.581556 10.1295
54.034103 5.6113424 18.873291 10.1585
-4.5829062 4.1978569 19.821106 13.1415
-5.4426656 4.8415761 20.327017 14.0825
