# .PCD v0.7 - Point Cloud Data file format
VERSION 0.7
FIELDS x y z intensity
SIZE 4 4 4 4
TYPE F F F F
COUNT 1 1 1 1
WIDTH 3597
HEIGHT 1
VIEWPOINT 0 0 0 1 0 0 0
POINTS 3597
DATA ascii
-16.018599 39.689056 3.7420385 10.146
-13.084296 33.057442 1.5617177 9.0270004
-11.005648 24.720669 2.3646691 10.147
-10.716843 10.770313 -0.55725455 7
-10.575218 10.779255 0.14158544 8.0045004
-10.607381 25.550472 0.39621344 8.1780005
-10.449602 23.48283 1.3455789 9.1470003
-10.622663 25.039227 2.3768804 10.1465
-10.099584 11.125732 -0.55779606 7
-10.090675 10.73352 -0.34104335 7
-10.034023 10.555115 0.12885752 8.0045004
-10.07243 25.602818 0.28876916 8.0225
-10.109841 23.521948 0.40082046 8.0200005
-10.016109 23.797688 1.3190284 9.1780005
-10.384127 24.138342 1.3311298 9.0200005
-10.192034 10.722557 1.7397734 11.002167
-10.180146 10.921436 2.2607694 12.020749
-10.272141 24.701363 2.3383634 10.177333
-10.301871 25.008932 2.187187 10.027
-9.9739971 11.150539 -0.57588553 7
-9.6515388 11.200764 -0.42639074 7
-9.7814693 10.956503 0.14338648 8.0025005
-9.7439213 11.264765 0.10745308 8.008625
-9.8613892 24.611145 0.38656452 8.1774998
-9.7229662 10.958643 0.66032863 9
-9.7501249 11.26844 0.64585525 9.0115004
-9.8782425 11.098467 1.0514929 9.6014004
-9.6442776 11.370158 1.1899228 10
-9.8021822 23.555393 1.1662852 9.0229998
-9.7335443 23.744709 1.3062406 9.0194998
-9.9762764 10.798829 1.7164576 11
-9.7586727 10.932726 1.7038641 11
-9.7406244 11.289304 1.7295237 11
-9.7587528 10.977821 2.2327621 12
-9.737463 24.646648 2.2446241 10.101999
-9.7908373 25.124891 2.3265688 10.019
-9.7013855 10.741861 2.7138343 13
-9.7500763 11.007632 2.7587016 13
-9.856184 11.11968 2.8149629 13
-9.620718 11.253308 2.8125167 13
-9.2650356 11.362227 -0.83476281 6
-9.3983297 11.425354 -0.52566117 7
-9.5756292 11.101107 -0.36629337 7
-9.2335443 11.65943 -0.39213148 7
-9.3930902 11.52108 0.13577592 8
-9.2513256 11.636645 0.15755802 8
-9.4178391 11.513533 0.75125492 9
-9.2615519 11.632735 0.70774645 9
-9.3882771 11.417468 1.0518429 9.6000004
-9.5239315 24.178661 1.1776799 9.0244999
-9.3809395 11.559684 1.4536346 10
-9.2973366 11.67023 1.2637575 10
-9.5936089 24.046524 1.3315256 9.1774998
-9.5672369 11.06106 1.6915889 11
-9.3824453 11.468111 1.7458146 11.006875
-9.3025055 11.666436 1.8205913 11
-9.5478926 11.196406 2.2273128 12
-9.3826256 11.462293 2.1999023 11.5
-9.3896294 10.794307 2.6844912 13.0285
-9.5858259 11.182355 2.7571361 13
-9.3993196 11.408269 2.6894872 12.333333
-9.2776709 10.713571 3.1634557 14.0315
-9.1569271 11.185111 -0.91428083 6
-8.8786545 11.092434 -0.40774688 7
-8.9900255 11.470961 0.12769216 8
-8.9201803 11.626005 0.1364511 8
-8.9740982 11.486475 0.69859266 9
-8.9453068 11.662361 0.68389189 9.0149994
-9.0649614 11.538999 1.180676 10
-8.8102522 11.660529 1.1804643 10
-8.9548655 11.680824 1.4748417 10
-9.0794411 11.533622 1.7080203 11
-8.8576975 11.682392 1.7418867 11
-8.8663902 8.5013199 2.284951 13.031
-9.0896358 11.556076 2.2645502 12
-8.8953676 11.67137 2.2078052 11.5
-8.9948864 24.115475 2.0990155 10.026
-8.9655418 11.514635 2.7707379 13
-8.9272156 11.651605 2.6472917 12
-8.8596697 10.984492 3.156245 14.0305
-9.0137901 11.664769 2.9225984 13
-8.651535 11.341587 -0.54212171 7
-8.5043097 11.688495 -0.55043137 7
-8.5561962 11.493188 -0.37311634 7
-8.6060162 11.735924 0.14047687 8.0002146
-8.6140404 11.732397 0.7185452 9.0036249
-8.4927826 11.363954 0.82885349 9.0005999
-8.5431585 11.78356 1.180423 10
-8.6201391 11.840262 1.4612648 10
-8.6404943 11.791306 1.7450024 11.0058
-8.5467291 8.4757576 2.2422709 13.0305
-8.4467535 8.9053535 2.2921517 13.031125
-8.588089 11.80624 2.2071714 11.294118
-8.5902605 23.640619 2.242662 10.1765
-8.5371141 11.791114 2.6978486 12.432714
-8.771265 10.740683 3.1727033 14.0335
-8.6038818 10.997915 3.1646152 14.0315
-8.4584541 11.276089 3.1589048 14.0295
-8.5545435 11.837474 2.9489691 12.142858
-8.1716261 7.6280999 -0.98526424 6
-8.236455 11.60717 -0.89375067 6
-8.2044506 9.0828753 -0.71634793 6
-8.0803709 11.675652 -0.52565581 7
-8.1655521 11.73938 -0.30746692 7
-8.2602844 11.87498 0.14749072 8.0118847
-8.1222219 12.024675 0.25292194 8.1520004
-8.2466164 11.858422 0.717942 9
-8.1453485 11.471366 0.82460958 9.0002499
-8.2214909 11.943584 1.1818223 10
-8.0509491 12.02454 1.1826105 10
-8.3388929 11.97073 1.5603772 10
-8.1875067 12.041271 1.5013123 10
-8.3117943 11.901348 1.7172897 11
-8.1469002 12.029596 1.7659993 11
-8.2479877 11.964572 2.2124949 11.222222
-8.0477962 12.041392 2.2659371 11.333333
-8.0818329 11.943926 2.7886949 13
-8.0968008 12.043796 2.6447537 12
-8.2163486 11.045197 3.1721325 14.032249
-8.2028399 12.01408 2.9447186 12.25
-7.6880331 5.1664982 -0.80697638 5
-7.9676108 11.460695 -0.90500152 6
-7.7150106 11.750859 -0.87938356 6
-7.8409753 7.832036 -0.65854096 6
-7.8954086 9.369585 -0.7620371 6
-7.9703035 12.032662 -0.40996104 7
-7.8097496 11.901569 -0.36058486 7
-7.7019172 12.178997 -0.28741789 7
-7.859942 11.738385 0.14415261 8.0002003
-7.7961731 12.128388 0.19289424 8
-7.6259975 5.5734296 0.49313 9
-7.9297957 11.858452 0.71737498 9.0003328
-7.7734199 12.11637 0.70725441 9
-7.6369934 5.5732775 0.99004972 10.5
-7.9254112 11.713295 0.82774556 9
-7.9064736 12.092466 0.91227549 9.1999998
-7.6413755 5.5785613 1.4925752 12
-7.8508697 12.19209 1.3832171 10
-7.648231 1.8508115 1.8108933 12.011
-7.8658938 2.3429074 1.8797318 12.0105
-7.6539159 5.5855908 1.8328354 13
-7.7842674 12.210345 1.7861847 11
-7.8965931 12.115257 2.3104992 12
-7.6540442 11.411552 2.7812953 13.0015
-7.7460241 12.11487 2.7916157 13
-7.8150396 10.335057 3.1104169 14.00275
-7.7785931 11.297146 3.1783967 14.03125
-7.7575974 12.205327 2.922755 13
-7.3509364 5.3464012 -0.85666859 5
-7.567369 7.0356722 -0.80334151 6
-7.3098321 9.0134754 -1.0386608 6
-7.2195725 9.4820099 -1.0642927 6
-7.417778 11.738403 -0.86735767 6
-7.2470164 5.2501984 -0.7795186 5
-7.3536501 8.9524336 -0.75161624 6
-7.2448225 9.2717285 -0.73221326 6
-7.2049422 12.277162 -0.40077439 7
-7.5013494 12.32795 -0.35923836 7
-7.3621321 5.4752874 0.13195997 8.0323
-7.2623892 5.6655412 0.11976054 8
-7.3863478 12.261114 0.16115311 8
-7.2259984 12.502292 0.1270061 8
-7.451828 5.5405269 0.51981735 9.333333
-7.3052931 5.6727161 0.55284333 9.375
-7.4582686 12.240474 0.70050132 9
-7.2430024 12.47578 0.65959632 9
-7.5026765 5.5155568 1.0604945 11
-7.3513961 5.6785493 1.0121369 10.714286
-7.3724637 12.359256 0.9253242 9.25
-7.2243404 12.453355 0.96134424 9.333333
-7.5234399 5.5256162 1.3913351 12
-7.3343658 5.6917019 1.4213612 12
-7.4718018 12.344873 1.2665098 10
-7.3047776 12.444399 1.5473044 10
-7.2569113 1.0310359 1.6671423 12.012
-7.4360766 1.3839378 1.7455286 12.0115
-7.238214 4.3358879 1.9362746 14.1645
-7.5315146 5.5255303 1.7225682 13
-7.3399191 5.7014022 1.7677212 13
-7.2283869 6.2864046 1.8531711 13.1595
-7.4237823 12.319908 1.7421689 11
-7.2939653 12.419247 1.7926418 11
-7.2308545 5.9018064 2.1933963 12.0045
-7.2696609 6.1476407 2.1715431 12
-7.384233 12.329328 2.2791557 11.571428
-7.2141023 12.44092 2.269846 11
-7.2593355 5.9126678 2.6844132 13.004499
-7.3998289 12.280146 2.7809882 13
-7.4889612 10.50714 3.1154208 14.002
-7.2063675 11.569424 3.181061 14.03
-7.0927315 5.3854504 -0.83752841 5
-7.0645442 8.8117809 -1.0446209 6
-7.1204615 5.2788963 -0.49153471 6
-7.1184959 5.2774639 -0.18698958 7
-7.10607 5.7172031 -0.22315381 7
-7.0295944 12.177616 -0.3713147 7
-7.1590757 5.4403224 0.15637937 8
-7.1109519 5.7779365 0.094063543 8
-7.1022768 11.93445 0.21142662 8.0752506
-7.0300288 12.308934 0.14668152 8
-6.9464149 12.534163 0.13267826 8
-7.1159248 5.7864494 0.56684762 9.3999996
-7.0359874 11.933789 0.72437137 9.1502495
-7.0489435 12.54331 0.69751841 9
-7.1400609 5.7914705 1.008956 10.75
-7.0552297 12.590647 0.87565076 9.090909
-7.1239829 5.8041573 1.4030823 12
-7.0634093 12.370122 1.5279884 10
-7.0260873 12.529388 1.4251958 10.012458
-6.800837 0.020583153 1.8558909 13.0135
-6.9223428 0.44417381 1.9179837 13.01275
-7.1689324 4.467967 1.9385242 14.164
-6.9067702 4.8295269 1.934042 14.1625
-6.9099269 5.4000239 1.9307123 14.0345
-7.0992794 5.819221 1.7397673 13.04
-7.1248116 12.284855 1.706795 11
-6.9730458 12.518193 1.8241138 11
-7.1092014 12.314302 2.2436929 12
-7.0158448 12.517361 2.2615578 11.166667
-7.1584802 5.9834609 2.6514609 13
-6.8147025 6.1295953 2.6486123 13.003499
-7.1856599 12.388864 2.7986839 13
-6.9679804 12.476444 2.7682307 13
-6.9554543 5.6834121 3.0883896 14
-6.9916916 11.785893 3.1646159 14.007375
-6.9391923 12.561439 2.8989413 12.5
-6.437716 7.6782112 -0.8731662 5
-6.4581118 9.0137653 -1.0381607 6
-6.615994 5.3552141 -0.47048372 6
-6.4049954 12.781681 -0.57257628 7
-6.7626505 12.121542 -0.33935887 7
-6.613996 12.548573 -0.39608639 7
-6.6276875 6.0701742 0.071708813 8.0354996
-6.6735229 12.146552 0.1877244 8
-6.5997024 12.550664 0.14377737 8.0014505
-6.4024792 -0.40744877 0.62385714 9.5137501
-6.4659319 6.2835274 0.59781873 9.5
-6.4291582 12.621033 0.766954 9
-6.6012173 12.855335 0.6700626 9
-6.5811882 12.874519 0.84732819 9
-6.6274109 12.573157 1.5351493 10
-6.5925913 12.872207 1.2355912 10
-6.5358701 0.58499336 1.9359683 13.011499
-6.662745 0.80420017 1.9205557 13.0115
-6.6881566 3.129082 1.9671413 15.1675
-6.5620909 3.4221096 1.9719985 15.16625
-6.6072659 3.9785805 1.9734985 15.0395
-6.4915004 4.2451015 1.97728 15.03675
-6.7479095 4.987349 1.9256237 14.16175
-6.6217079 5.7313309 1.9389856 14.0335
-6.574214 12.55416 1.7244833 11
-6.622745 12.616425 2.2482405 11.444445
-6.576417 9.230442 2.7703128 14.0015
-6.7081456 10.664469 2.6961496 12.1795
-6.4982743 12.700347 2.7095683 12.588875
-6.7907224 10.1495 2.8599467 14.0305
-6.7087927 10.704109 2.9033732 14.151
-6.6993532 10.844238 3.1203148 14.00025
-6.6070294 11.774051 3.1744046 14.028749
-6.5451546 12.08481 3.1594729 14
-6.5749588 12.724007 2.8955512 12.4
-6.1197352 6.2811122 -0.83551455 5.3333335
-6.0635414 6.569519 -0.84794021 5
-6.1918731 7.0305662 -0.86707675 5
-6.0736675 6.2989025 -0.62689143 5.8333335
-6.0819335 8.3418522 -0.67268741 6
-6.3033571 12.692148 -0.46591264 7
-6.0758915 6.3370728 -0.29737934 7
-6.1756592 12.297564 -0.27219671 7
-6.2388759 12.717205 -0.39326477 7
-6.0232105 12.910449 -0.39396811 7
-6.0990276 -0.31408572 0.14456759 8
-6.1155648 6.3132558 0.15527745 8.166667
-6.0677357 12.393007 0.21913183 8.0739994
-6.3516455 12.484255 0.14976951 8
-6.3331871 12.945894 0.15722586 8.0030003
-6.0781565 -0.21618901 0.60133445 9.4615383
-6.0801744 6.3302908 0.59459746 9.3000002
-6.0013313 6.4739752 0.76861447 10
-6.1371579 12.65978 0.74543262 9.007
-6.130188 12.88327 0.72514528 9.003417
-6.1217051 -0.20609987 1.0449927 10.836452
-6.0915022 6.3464556 1.0656915 10.3006
-6.0053844 6.4677057 1.1082655 11
-6.1081982 6.3191381 1.3576072 11.55611
-6.0311813 6.4978209 1.4568797 12
-6.1872654 12.995862 1.2876829 10.002277
-6.2381334 3.8858342 1.9581088 15.163999
-6.0783248 4.0896025 1.9516481 15.163
-6.2311974 4.5213861 1.9738019 15.035749
-6.3418732 5.5135489 1.9284461 14.1595
-6.1976967 5.8136902 1.9341406 14.07475
-6.1238017 6.2828712 1.7757715 12.866805
-6.1013489 6.4332013 1.7536776 11.857142
-6.2642517 12.709421 1.751664 11
-6.0517015 12.813919 1.7279892 11
-6.1140041 4.45612 2.004945 15.0375
-6.0364237 6.2834954 2.2216845 13.7
-6.1552925 6.6420536 2.1900327 12.667333
-6.0940194 6.8030791 2.1599216 12
-6.2698426 12.692174 2.169513 11.725833
-6.1928482 12.86203 2.2770045 11.336572
-6.2049131 23.934292 2.0319781 10.019
-6.1334352 24.05307 2.1861095 10.0155
-6.0185175 6.2834125 2.6491477 13
-6.0323172 6.4640045 2.6403408 13
-6.1434269 12.841136 2.7489731 13
-6.2376747 11.006765 3.121294 14.17925
-6.0068474 11.966196 3.1712139 14.0275
-6.1752472 12.27904 3.159601 14
-6.1783147 12.904819 2.9365718 12.25
-5.9097652 -0.52009988 -1.1457952 2
-5.6620474 5.8636341 -0.85453188 5
-5.8045664 6.4263878 -0.90454334 5
-5.7985783 6.8082156 -0.84954178 5
-5.903595 7.3292813 -0.86710399 5
-5.640131 5.1931276 -0.44489437 6
-5.6657138 5.3162327 -0.53611171 5.75
-5.8501449 5.7682328 -0.59785587 5.5
-5.9487219 6.4194489 -0.57311332 6
-5.8433442 8.6070499 -0.65406519 6
-5.7429409 9.007453 -0.69685328 6
-5.764801 13.049723 -0.46638829 7
-5.6550288 5.1916652 -0.18188238 7
-5.7127743 5.4120998 -0.18884237 7
-5.8786864 5.8137617 -0.20086962 7
-5.9240532 6.4542799 -0.24143876 7
-5.7129402 12.539937 -0.3222661 7
-5.7500401 13.081266 -0.33773065 7
-5.6712685 -0.88128757 0.14417677 8.0135002
-5.6471739 5.1773996 0.21642819 8.5
-5.7097964 5.371222 0.24188113 8.5714283
-5.8395538 5.7554679 0.1834421 8.3388338
-5.9180923 6.0311651 0.086876132 8.0325003
-5.958014 6.4629312 0.09338104 8
-5.8191643 12.591827 0.20934908 8.0102501
-5.8784742 13.175398 0.13733503 8.0264997
-5.8066769 -0.018354893 0.60471964 9.5
-5.7605491 0.011231661 0.62921929 9.5
-5.6011438 4.7954588 0.63209194 10.0055
-5.6474051 5.1829019 0.61620957 10
-5.6737208 5.3594584 0.59826958 9.8918753
-5.8106508 5.7769227 0.66119987 10.0125
-5.9397516 6.4523945 0.59696746 9.5
-5.8568516 12.872009 0.74690866 9
-5.7913299 0.057248212 1.091131 11
-5.6637702 5.1739631 0.8847245 11
-5.7046704 5.4045477 0.95648628 11.170143
-5.8239846 5.7914643 0.95183164 11.009999
-5.9171009 6.019794 0.97844362 11.0325
-5.97015 6.4769478 1.1076301 11
-5.8658528 -0.59844255 1.3490438 12.013249
-5.9701223 6.4964604 1.4527721 12
-5.900259 13.086324 1.3099667 10
-5.8117366 -0.63822508 1.9491081 14.013249
-5.6028748 -0.32643175 1.9537286 14.012
-5.9539747 3.900018 1.9376602 15.0085
-5.8214741 4.5572109 1.9119134 12.913445
-5.8223715 5.0864286 1.932138 14.52
-5.7906065 12.933705 1.7781051 11
-5.896904 5.4496164 2.1021543 14.505
-5.8167119 5.8585086 2.0821211 13.0825
-5.9530997 6.1419587 2.158438 13
-5.8611093 6.6327376 2.2749813 13.575429
-5.6583862 6.866333 2.2494326 13
-5.7267213 13.03277 2.2547312 11.577637
-5.9099364 6.1066604 2.5437057 13.6685
-5.8216128 6.5798054 2.6122978 13.5
-5.8122082 13.013684 2.5815172 12.5
-5.8870473 6.1299086 3.0554495 14.155
-5.9151769 6.5479259 3.0914998 15
-5.8158927 12.034178 3.1730101 14.027
-5.7426934 12.503102 3.1595631 14.006749
-5.7417612 13.089146 2.9327245 12.625
-5.3795357 4.1143537 -0.82710624 4
-5.48417 5.8894987 -0.82735044 5
-5.562583 6.6060677 -0.90379786 5
-5.4214301 6.9739776 -0.86827946 5
-5.2143574 7.2930593 -0.85380656 5
-5.2963181 -1.1431336 -0.67023534 5
-5.2238636 4.2201405 -0.67843294 5
-5.3560958 4.6154795 -0.58858502 5.318182
-5.4736919 5.0232363 -0.55148429 5.6666665
-5.5888228 5.2021775 -0.49178925 6
-5.5789747 8.7610245 -0.66292763 6
-5.4105129 8.998167 -0.68564439 6
-5.306798 -3.1378169 -0.26429179 6
-5.3465409 4.5973845 -0.16919284 7
-5.5431218 5.0399308 -0.1799376 7
-5.4214945 13.230546 -0.32628685 7
-5.5158749 -0.44462347 0.14139792 8.0120001
-5.5031066 -0.33613539 0.14936882 8.0115004
-5.3524933 4.6123466 0.20636308 8.53125
-5.5139732 5.0232735 0.23576832 8.5941429
-5.2984033 13.331363 0.15998806 8.0220003
-5.2306552 -3.3349457 0.46892342 10.009666
-5.2951131 -3.1881237 0.4762947 10.02825
-5.5673232 0.099226236 0.62340289 9.5
-5.2389588 4.3890028 0.79104489 11
-5.3495941 4.5786986 0.62639338 10.25
-5.5005612 5.0000896 0.60033482 10
-5.252862 13.385342 0.71180844 9.0109997
-5.2379661 -3.3192909 0.92856061 12.5
-5.2932796 -3.1867321 0.94681877 12.52825
-5.2059083 4.3708992 1.0275438 12
-5.3333969 4.6087284 1.0499321 11.94325
-5.4971972 4.9457927 0.94216317 11.332375
-5.3809242 13.355755 1.2466949 10
-5.4509335 -0.47916174 1.9773692 14.01175
-5.3209844 -0.28923464 1.9821336 14.011
-5.3947906 3.0779891 1.9713775 14.006
-5.4872198 4.1633272 1.9236724 15.0065
-5.314662 4.6966648 1.8966477 12.502749
-5.5513806 5.1783338 1.9566568 15.031
-5.5800347 5.2015676 1.9865704 15.033501
-5.4380393 13.114922 1.7557386 11
-5.3940039 13.248344 1.7481101 11
-5.3007083 4.5897894 2.2258129 13.803299
-5.5225773 5.0424266 2.0376682 15.0345
-5.3383098 6.6860666 2.3805265 15
-5.4837265 6.9618082 2.2051332 12.25
-5.4497099 13.131321 2.2593808 11.725499
-5.25877 13.342888 2.2560384 11
-5.2763152 4.6251516 2.6952457 14.502749
-5.460988 6.7467642 2.6242049 13.615385
-5.4516592 13.167673 2.6842215 12.8
-5.304934 13.241626 2.750324 13
-5.5077019 6.2081885 3.1031749 14.00125
-5.5663576 6.5754647 3.0821717 14.4
-5.5734096 12.105879 3.1731458 14.0265
-5.3854098 12.671187 3.1651077 14
-5.514884 13.11747 2.9276731 12.382376
-5.0309877 3.8255637 -0.81246114 4
-4.8443489 4.2476149 -0.82584059 4
-5.0314689 4.6051235 -0.83288467 4
-4.8464422 4.8435607 -0.83653557 4
-5.056376 6.1700087 -0.82724631 5
-4.9269257 7.0271659 -0.90171331 5
-5.0926514 7.3970385 -0.85563999 5
-5.198245 9.7822466 -0.87516642 6
-5.0317507 -3.7498069 -0.41463697 5
-5.1642447 -3.4542408 -0.43196744 5
-4.9756937 -1.2467235 -0.6829769 4.1999998
-4.9368224 -1.0165514 -0.73547065 3
-4.9753375 -0.21516794 -0.74205202 3
-5.041326 4.1590991 -0.57136667 5.5555558
-5.0514164 -1.4820542 -0.11440215 7
-5.0381365 3.5818355 -0.25531572 7
-5.053421 4.1203265 -0.21588524 6.8571429
-5.1014581 13.393175 -0.3897869 7
-5.0844989 -3.6456478 0.19405934 8.5
-5.0148115 -3.541311 0.191953 8.5099173
-5.1826978 -0.2153039 0.14723969 8.0105
-5.0303926 3.4684708 0.13258165 8.0017509
-5.0562139 4.1352143 0.16603668 8.3736105
-4.8698807 -4.0608592 0.59419507 10.875
-5.0145292 -3.7947583 0.45527998 10.016251
-5.0501142 3.4975965 0.51862907 9.00175
-5.0632114 4.1197009 0.61936015 10.102858
-5.1052856 13.503948 0.71543872 9.0107498
-4.8236871 13.670265 0.75423259 9
-4.8853998 -4.0725403 0.96010423 13
-5.0305805 -3.7719522 0.98336101 13
-5.1105146 -3.5215511 0.81661701 12
-5.0656891 4.144949 1.0144639 11.399555
-4.9009051 -4.0712032 1.3172518 14
-4.9167213 -3.8431468 1.3180299 14
-4.8231487 3.1216793 1.430195 14.256875
-5.0324249 3.5160749 1.470627 14.0065
-5.0629845 4.1507225 1.369498 12.7016
-4.9297938 13.661131 1.2352543 10
-4.9787865 -1.2833424 1.9974359 15.013249
-4.8576374 -1.1302786 1.9959646 15.0125
-4.9818373 2.1806436 1.9494747 13.00525
-5.0193481 3.3518867 1.9726963 14.0045
-5.0945807 4.1802435 1.7514949 13.752
-5.061286 13.271846 1.7650722 11
-4.8537288 2.0415416 2.0072618 15.00675
-5.077992 4.1829748 2.1811509 13.285714
-5.0038404 6.8430414 2.3813512 15
-4.9332466 7.2663584 2.2287853 12.5
-4.9300284 13.407594 2.2413299 11.571428
-5.0955958 4.2023048 2.551971 14.4
-4.8803535 6.994585 2.6013584 13.666667
-5.0286417 13.371074 2.7553115 13
-5.0968027 4.586658 3.1664569 15.0021
-4.8642869 4.8784938 3.1678801 15.00125
-5.0237174 6.2677183 3.0016623 14.50025
-4.8110676 12.011115 2.9515831 14.022
-5.1426716 12.766538 3.164372 14.009501
-4.9032011 12.967792 3.1615384 14
-4.9917603 10.929676 3.2075593 15.14725
-4.575448 0.065562248 -0.83851457 2
-4.6820831 1.5639609 -0.80402887 3
-4.6191368 3.8081849 -0.83927834 4.8000002
-4.6304951 4.2235236 -0.81027287 4
-4.5864263 4.6136045 -0.83187878 4
-4.7853131 4.9523931 -0.84079868 4
-4.7968197 6.3333354 -0.82793379 5
-4.4988208 6.5064745 -0.82867515 5
-4.6227627 -1.2124878 -0.76632279 3
-4.6918216 -0.98673308 -0.76987308 3
-4.4409876 0.28066123 -0.76540029 2
-4.6319108 1.6331515 -0.77077198 3
-4.442101 2.7188787 -0.5598222 4.7777777
-4.5533342 3.0279505 -0.60318923 4.8653846
-4.6081734 3.3747921 -0.6770103 5.1666665
-4.669642 -3.29615 -0.061263621 7
-4.4215188 2.6728153 -0.18085748 6.75
-4.5860367 3.0876646 -0.20536681 6.7611108
-4.574419 3.2151768 -0.24345627 6.5
-4.7487698 3.6207893 -0.25201824 7
-4.627202 10.631578 -0.27786282 7
-4.4643736 -4.9703712 0.17069495 8.333334
-4.6212301 -4.61414 0.27521157 9
-4.6658893 -4.233871 0.28203329 9.077733
-4.4549379 -3.8250532 0.29562414 9.25
-4.6717186 -3.3060672 0.18211615 8.507
-4.4399929 2.6800551 0.21621004 8.833334
-4.5920768 3.0711889 0.17542173 8.4857903
-4.6538453 3.2837944 0.14786844 8.2775002
-4.6131186 3.7190502 0.13149936 8.0009995
-4.4976149 -4.9046631 0.51598209 10.5
-4.6090808 -4.6704659 0.4918862 10.333333
-4.7428403 -4.2308927 0.65177149 11.288667
-4.4846091 -3.77686 0.60861045 11.256101
-4.6703305 -3.3159423 0.59361511 11.0285
-4.4383135 2.6789899 0.59753931 10.946969
-4.5866542 3.0418386 0.57486415 10.51834
-4.6578817 3.2970793 0.5459345 9.8041048
-4.6586852 3.7023933 0.5150094 9
-4.5463991 13.776569 0.75893486 9
-4.5100298 -4.8886094 0.84055525 12.5
-4.6357694 -4.6168494 0.84859341 12.5
-4.764679 -4.3440709 0.94494128 13
-4.4631271 -3.808073 1.119626 13.5
-4.4391298 2.7119763 0.96015483 12.333333
-4.6147075 3.0725174 0.94559765 12.064583
-4.6077886 3.2393091 0.99098241 12.230212
-4.477634 13.713067 1.1986865 10
-4.5215125 -4.8902826 1.2593906 14
-4.6447515 -4.6195297 1.2730532 14
-4.7762823 -4.3431897 1.2938942 14
-4.7708545 -3.8038273 1.2904569 14.031501
-4.6409178 -3.4191203 1.2598674 14.029125
-4.4719334 2.6841595 1.4349842 13.388124
-4.6357784 3.1490221 1.3680397 12.735766
-4.6129813 3.2210617 1.5374335 14
-4.6107817 13.48468 1.5561318 10.0701
-4.6321902 13.749825 1.243735 10
-4.7308102 -0.97932577 1.9945611 15.01175
-4.5727363 3.0231898 1.8000042 12.546273
-4.7448616 3.3561547 1.9366299 14.0025
-4.6162539 13.488928 1.7182738 11
-4.4898601 -1.0543954 2.0191312 15.011001
-4.6861157 2.1561623 2.0040474 15.006
-4.5580001 3.0322478 2.1974609 14.000856
-4.6991129 3.3398898 2.2239959 13.875875
-4.6941895 7.0782709 2.3076622 14
-4.641078 7.3539219 2.2100468 12.464277
-4.6909719 13.49122 2.2566702 11.764428
-4.5861597 13.643967 2.2824378 11.07
-4.5230103 2.9490709 2.5958509 14.503
-4.6076374 7.1189017 2.6088657 13.666667
-4.4280996 7.227427 2.675667 13
-4.6978574 13.521892 2.7670524 13
-4.7044134 4.6917996 3.1919782 15.00125
-4.5894151 5.0473828 3.1729887 15.0005
-4.5423632 5.5084062 2.834717 14
-4.7056155 6.266284 2.909281 15.1795
-4.4508243 6.7570453 3.1047595 14
-4.5659194 7.0522718 3.0850909 14.4
-4.5426202 11.725609 2.8958633 14.0185
-4.7058578 13.016674 3.1669438 14.048333
-4.6099248 11.111829 3.2114463 15.14625
-4.2804527 -0.75935936 -0.83763671 2
-4.0251007 -0.36434364 -0.81711841 1
-4.1043415 0.69035268 -0.82211417 2
-4.0499544 2.7757597 -0.80045557 3
-4.0753145 3.1753383 -0.81234187 3
-4.3705378 3.8186285 -0.85704839 4
-4.2167325 4.0643477 -0.84365797 4.6666665
-4.2642517 4.6198139 -0.81783479 4
-4.190125 4.9049239 -0.82868582 4
-4.3712125 5.2118459 -0.83043259 4
-4.0772018 7.9771795 -0.93831527 5
-4.2422233 8.0626392 -0.93535769 5.5
-4.170084 9.1052027 -0.80639946 6
-4.0424309 -3.5956445 -0.46052706 4
-4.1407766 -1.9483356 -0.75168204 4
-4.1280146 -1.043293 -0.73776841 2
-4.1439347 -0.56074035 -0.73820788 2
-4.1034441 -0.17619374 -0.7308653 2
-4.1645403 0.10907942 -0.75079256 2
-4.1487818 0.75635147 -0.7725457 4
-4.0166292 1.5260456 -0.64789402 3.2
-4.1425943 1.8813889 -0.58782917 3.90625
-4.1741128 2.1526861 -0.56849045 4.7062502
-4.293159 2.5363028 -0.58660847 4.469697
-4.3621249 2.842171 -0.72555715 3.5
-4.2489023 3.701061 -0.79334223 4
-4.1653256 8.1120605 -0.66953683 6
-4.0358167 9.1805782 -0.63162398 6
-4.3398294 -5.2441239 -0.21917538 5.833333
-4.325954 -3.9222634 -0.15625997 6.25
-4.2197323 -3.2876601 -0.34271407 5
-4.0066752 1.5386376 -0.2966747 5.5
-4.0797396 1.9000961 -0.21005604 6.3076925
-4.1709085 2.1714644 -0.1822271 6.6111112
-4.3447313 2.5841212 -0.25412372 6.3428574
-4.3489099 -5.2165399 0.19901574 8.5
-4.0269737 -4.9042621 0.11431794 8.0389996
-4.178309 -4.1169381 0.10537211 8.022583
-4.2880754 -3.8869691 0.10337487 8
-4.0098176 1.5314116 0.074307844 8
-4.0706916 1.8959773 0.16031501 8.6068935
-4.1731873 2.1689296 0.19217417 8.697916
-4.3476009 2.5405231 0.20477192 8.583334
-4.3542318 -5.2177868 0.63440877 11.25
-4.0617781 1.5741241 0.58533013 11.509
-4.0554366 1.8629774 0.53087777 10.905404
-4.1776838 2.1760435 0.61149287 11.245454
-4.3359218 2.5325935 0.56172675 10.636905
-4.3465719 -5.2242556 1.1316476 13.333333
-4.044426 1.5386326 1.1525606 14.009
-4.0700011 1.8981044 0.97899115 12.362466
-4.1930733 2.1758952 1.0049617 13.130117
-4.3524132 2.5581045 0.91885406 12.8
-4.3746042 -5.2006121 1.2479367 14
-4.0629516 1.9294944 1.3354809 13
-4.179904 2.1021569 1.2586697 14.002
-4.3223166 2.4556785 1.3233271 14
-4.206872 13.728636 1.5051297 10
-4.0830822 14.000279 1.285015 10
-4.2221117 0.76566553 1.9830574 14.006001
-4.3422365 1.0391388 1.9692818 14.00575
-4.0060172 1.2216554 1.9569727 14.0045
-4.3381796 2.3620882 1.995404 15.0045
-4.3999839 2.4131694 1.9240992 13.0035
-4.1955938 13.686727 1.7305826 11
-4.3568087 2.6408348 2.1715047 14.403399
-4.3593779 7.1450081 2.3937693 15
-4.2506657 7.4959202 2.2659094 13.353111
-4.0802426 7.6371017 2.25933 13.453893
-4.1766653 13.768274 2.2230499 11.271812
-4.3780541 2.6754749 2.6298285 15.003001
-4.1804008 7.3089838 2.6030228 13.669639
-4.1034484 13.856008 2.7346592 12.2
-4.1724529 6.9786735 3.093538 14
-4.1948042 7.3160219 3.0956266 15
-4.3987994 11.477013 2.8175404 14.0835
-4.2329888 13.102257 3.1728737 14.01125
-4.1269789 13.231886 3.1719623 14
-4.1503444 13.800438 2.8163338 13
-3.9277084 -0.15401316 -0.81908643 1
-3.6261852 0.25531435 -0.8100813 1
-3.7988973 1.517499 -0.81099153 5
-3.8575516 2.1478131 -0.83292246 4.1999998
-3.8981502 3.0382977 -0.80553567 3
-3.8620415 3.3603096 -0.81446308 3
-3.6950231 3.6912236 -0.82119513 3
-3.8060832 4.1768723 -0.85445398 4
-3.810091 4.9445143 -0.81668323 4
-3.9428375 8.157732 -0.94757617 5
-3.6063132 -6.8287463 -0.41656899 4.5
-3.6817288 -6.6638556 -0.65791482 3
-3.6430681 -4.0346403 -0.65937847 2
-3.667083 -3.7830956 -0.55130678 2.8888891
-3.8420167 -3.5788293 -0.70612419 2
-3.6537156 -2.0347307 -0.54022938 4.8000002
-3.7254331 -1.2047391 -0.75368422 2
-3.8532782 -0.99147743 -0.7626965 2
-3.7235446 -0.54733127 -0.71980214 1.2
-3.7925293 -0.16563997 -0.76156473 1
-3.8643556 0.18632174 -0.76059443 1.5
-3.6923668 0.98935127 -0.62695199 3.6312501
-3.8449755 1.4709257 -0.63540381 3.7444444
-3.8985558 1.743458 -0.66136724 3.3214285
-3.8574953 2.1940558 -0.76357853 3
-3.7570832 3.0273638 -0.78908098 3
-3.9352741 3.9100361 -0.7941879 4
-3.9582818 8.1964693 -0.58185065 6
-3.9334638 9.5892286 -0.64842725 6
-3.6131101 -6.8107519 -0.093227364 6.5
-3.7241564 -6.5748367 -0.24145819 5.583333
-3.6645193 -2.0211263 -0.23034289 6.25
-3.6158097 -1.9285443 -0.15064847 6.625
-3.6529188 0.98675805 -0.21398084 6.145833
-3.8603277 1.4224905 -0.22366415 6.1589742
-3.9461887 1.6977186 -0.21976057 6.2857141
-3.618228 -6.8006554 0.22613496 8.5
-3.7353222 -6.5494547 0.22033945 8.5
-3.9202065 -4.6625133 0.11035776 8.0375004
-3.6464009 0.77145934 0.14497586 9.0106668
-3.6324072 0.96243393 0.14487641 8.5454817
-3.8714633 1.4315184 0.19897443 8.9773331
-3.9497919 1.6981899 0.15738519 8.75
-3.8042915 10.109015 0.13653658 8.1241665
-3.6021748 14.18203 0.17761514 8
-3.6133311 -6.8131542 0.54852718 10.5
-3.7198088 -6.5866613 0.51303667 10.333333
-3.6411128 0.70815301 0.46139035 11.511
-3.6549554 0.99726748 0.61956537 11.054615
-3.8350885 1.4226502 0.57445312 11.669789
-3.9479725 1.6679274 0.59604591 10.655679
-3.7064583 14.091313 0.75495416 9
-3.6861348 -6.6669607 0.86763507 12.5
-3.8768718 -5.2269464 1.1325227 14.0415
-3.650362 0.70757079 0.85564852 13.511
-3.6640577 1.0080665 0.96925116 12.70647
-3.8397419 1.4087623 0.96921766 13.247846
-3.968585 1.6445005 1.007982 13.41725
-3.6356595 -6.8010159 1.2967976 14
-3.756639 -6.5423112 1.2774944 14
-3.6303823 0.9867115 1.4310328 12.769231
-3.8677762 1.510651 1.3769785 13.501666
-3.755578 13.879009 1.4408329 10
-3.7296581 14.123929 1.2744153 10
-3.6751068 1.0038632 1.8061968 13.667417
-3.8115621 13.876657 1.7574648 11
-3.6335709 14.065729 1.7703865 11
-3.8720162 -0.12946443 2.0230491 15.007001
-3.6684062 0.15644026 2.0105677 15.00575
-3.8276587 1.5016918 2.1457791 14.503499
-3.8990874 1.6250329 2.0911403 14.0035
-3.7767901 7.7444677 2.2716475 13.75
-3.7855623 13.887447 2.216944 11.666667
-3.8834977 1.5988035 2.4235034 15.0035
-3.8070862 7.4861121 2.6302326 13.527672
-3.9358363 13.89396 2.7734165 13
-3.7151756 14.031863 2.7578709 12.333333
-3.6647587 3.7631412 2.8685505 15
-3.742311 5.145 3.1831341 15
-3.8218756 5.4244437 3.1640444 15
-3.7552056 7.0015702 3.0995626 14
-3.8012791 7.3651657 3.0927739 14.4
-3.7311716 10.241978 2.9088109 15.145
-3.8230743 13.322322 3.1763129 14
-3.7616177 13.986691 2.837503 13
-3.6186879 14.051583 2.8452115 13
-3.8256886 11.426043 3.2166317 15.14425
-3.5938923 -0.52337122 -0.81045413 0
-3.4910727 -0.32389736 -0.81100708 0
-3.3650436 1.3399054 -0.80334407 2
-3.3659339 1.8266199 -0.8168627 5
-3.5278463 2.3503146 -0.8457942 5
-3.3287919 2.5892723 -0.82564771 3
-3.5129538 3.5421271 -0.81241119 3
-3.299921 3.7666392 -0.8149032 3
-3.5339687 4.3049364 -0.85090393 4
-3.2501426 4.6495476 -0.83913755 5
-3.5978312 7.5769644 -0.88606793 5
-3.2583373 -7.5031247 -0.51115131 4
-3.4478536 -7.1207767 -0.54269528 3.75
-3.2123716 -4.0140629 -0.68638211 1
-3.4205794 -3.7396374 -0.70688069 1.25
-3.5643637 -3.4129338 -0.56633663 2.6875
-3.3553474 -0.9550581 -0.74426126 1
-3.390285 -0.56169623 -0.70885205 1
-3.3872607 -0.11292733 -0.6904164 1.0555556
-3.3712981 0.25129369 -0.58836251 3.3364582
-3.3785093 0.57681161 -0.58731896 2.7544641
-3.537715 0.94753397 -0.58445293 3.7285714
-3.3142619 1.3969017 -0.75484133 3
-3.535574 1.8149658 -0.77753037 2
-3.3542633 2.217026 -0.78688115 2
-3.3493636 2.5726752 -0.779998 2.6666667
-3.3377242 3.4512954 -0.79529786 3
-3.4075947 4.1810279 -0.79239768 4
-3.2499621 -7.6027212 -0.17519972 6
-3.3546603 -7.3813553 -0.063973226 6.6666665
-3.4770033 -7.1003876 -0.11897918 6.3333335
-3.5614362 -1.8599339 -0.23610699 6.25
-3.2634223 0.22555174 -0.22340173 5.6541672
-3.4538004 0.61744118 -0.2525112 5.5230155
-3.5436985 0.91951531 -0.21011566 6.0236106
-3.2479067 -7.6114092 0.24833411 8.5
-3.3688409 -7.3432798 0.24040842 8.5
-3.4924438 -7.0741348 0.23300624 8.5
-3.2594171 0.201297 0.20761886 9.1962395
-3.4516978 0.60680228 0.17935105 8.9833336
-3.5580754 0.92653942 0.17588125 8.9630957
-3.3406243 10.846806 0.15532744 8.1735001
-3.2334127 -7.6458588 0.76574916 11.5
-3.3119071 -7.4702864 0.58204675 10.5
-3.4946694 -7.0717878 0.56036913 10.5
-3.4693592 -5.0706697 0.55748755 11.5
-3.2710266 0.2181024 0.60892707 11.694928
-3.4623704 0.62085193 0.56408554 11.85154
-3.5634928 0.9285689 0.54851925 10.879238
-3.4956532 14.158329 0.738433 9
-3.2534904 -7.6132522 1.0253443 13
-3.3768525 -7.3418794 0.91408241 12.5
-3.5002685 -7.0724134 0.89298272 12.5
-3.4408934 -5.0506597 0.91886872 13.333333
-3.2717676 0.20735341 0.94338381 12.078654
-3.4618635 0.58806062 0.90633404 13.064816
-3.5612791 0.93239176 0.91401428 13.407619
-3.4065781 14.199168 0.82019663 9
-3.26209 -7.6174831 1.3864802 14
-3.3891265 -7.3421531 1.3520632 14
-3.5164814 -7.070178 1.3223491 14
-3.2762666 0.23542118 1.3860517 14
-3.5784841 0.98740941 1.2927216 12
-3.5166397 13.988373 1.4475442 10
-3.4129367 14.199512 1.4122404 10
-3.4185941 0.26239538 1.9938068 15.004749
-3.4921312 14.197297 1.772185 11
-3.5292287 -0.031505585 2.0404699 15.00575
-3.3802948 0.5603919 2.0491633 15.004001
-3.464947 7.887291 2.244591 13.272727
-3.3456125 8.0506268 2.1708164 12
-3.5783913 13.974294 2.1674943 11.5
-3.357142 14.196932 2.1884325 11.428572
-3.3541293 7.7093372 2.6533811 13.133333
-3.3642905 14.207298 2.7608733 12
-3.411618 5.3986583 3.1722729 15
-3.3747985 7.1358085 3.1007011 14
-3.3362007 7.4556642 3.0866985 14
-3.3840876 7.6790247 3.1254141 15
-3.4476206 13.363326 3.1810734 14.005084
-3.308408 14.186296 2.8053412 13
-2.9191432 1.7045012 -0.81006944 2
-3.0061102 2.0451007 -0.81986368 5
-2.9598854 2.8009284 -0.8248558 3
-3.0381858 4.5159702 -0.8464967 4
-2.9622879 -8.2402821 -0.54945844 4
-3.1319461 -7.5473051 -0.67289072 3
-3.0354509 -6.2297955 -0.66825825 2
-2.870482 -4.8580494 -0.55214083 1.75
-2.8422363 -3.8055782 -0.7028954 0
-2.8175519 -3.5067987 -0.70372897 0
-3.0570099 -2.8375251 -0.73524141 3
-3.0039694 -2.76894 -0.73593169 3
-3.0159736 -2.0600157 -0.56906569 3
-2.8947322 -1.9936326 -0.55792135 2
-2.8833663 -1.0380006 -0.58621424 1.5
-2.9909561 -0.58045 -0.58821863 1.8222222
-3.0583556 -0.19144139 -0.73550606 1.8571428
-3.0900009 0.21085621 -0.73431891 0.33333334
-2.8738408 0.56423068 -0.7597307 0
-2.9977727 0.96935844 -0.75975353 0.875
-3.0665033 1.4334168 -0.76413184 2
-2.9463844 1.719215 -0.77171713 2
-3.1803565 2.313529 -0.77657211 2
-3.0284412 2.6518159 -0.78674489 2.1666667
-2.9083273 2.9153633 -0.78711653 2.5
-3.063345 3.6552653 -0.79521167 3
-3.008358 4.3493128 -0.79070342 4
-2.9649036 5.9718308 -0.44550744 6
-3.0544815 6.0238352 -0.64583313 5
-3.0076804 -8.1362858 -0.18097126 6
-3.0901418 -7.9499984 -0.17854387 6
-2.8613961 -4.824635 -0.25753987 4.5
-2.8153143 -1.2673378 -0.39657825 3
-2.8310184 -0.92284584 -0.31018075 3.7936509
-2.9026926 -0.60895443 -0.24083351 5.3161554
-3.104161 -0.18386561 -0.25461808 5.3540373
-3.178046 0.023061454 -0.20238124 5.6666665
-2.9480395 5.926383 -0.39111823 6
-2.966228 -8.2245045 0.26835254 8.5
-3.1192508 -7.8891869 0.2571277 8.5
-2.8081977 -4.8244743 0.20710492 9
-2.8199756 -0.8551572 0.18050185 9.3267288
-2.9031949 -0.59155446 0.17173257 9.0836678
-3.0921309 -0.20570527 0.15041128 9.0902777
-3.182117 0.025267124 0.14588861 8.75
-2.8373337 12.129343 0.23330149 8.1719999
-2.9696484 14.367524 0.18381737 8
-2.9739184 -8.2263432 0.54120553 10
-3.1259725 -7.8848848 0.52010167 10
-2.8038502 -0.84058309 0.73793977 11.6875
-2.9125533 -0.59113407 0.54713619 11.824159
-3.0977705 -0.20125806 0.55463767 12.486111
-3.1746819 0.031188253 0.49086362 11.451428
-2.966327 -8.2444487 1.004733 12.5
-3.1242418 -7.8909945 0.92963886 12.299999
-2.9158661 -0.58401263 0.96794063 12.136765
-3.0840783 -0.19530015 0.86016816 12.933332
-2.952909 14.358872 0.82764566 9
-2.8122392 -8.6028919 1.4455105 13.561749
-2.9510972 -8.3039885 1.4597106 13.8535
-3.1401548 -7.8889499 1.425532 14
-2.9223573 -0.53751552 1.5477953 14.005
-2.9899573 -0.39441729 1.2169236 14
-3.0733013 14.352222 1.3525106 10
-2.8548744 14.47288 1.4011198 10
-3.0613508 14.395872 1.7654449 11
-2.8456719 -7.4379687 2.1221154 15.0345
-3.1964107 0.07600975 2.0128949 15.0045
-3.0788541 7.9160223 2.2376521 12.543875
-2.9746115 8.1047029 2.2475128 13.587376
-2.9631734 14.339437 2.2892351 12
-2.9519601 14.44149 2.1314523 11
-3.062798 7.8171811 2.683768 13.882071
-2.9536304 14.393875 2.7814901 12
-2.9981885 5.4266543 3.1827655 15
-2.9851978 5.7350254 3.1636851 15
-2.9907088 7.5466733 3.0882869 14.058333
-2.9538295 7.7687039 3.122597 15
-2.9738548 13.47656 3.1442063 13.83725
-2.9584174 14.353824 2.8265233 13
-2.5866272 1.8953702 -0.81004578 2
-2.439353 2.320766 -0.82158375 5
-2.5725806 2.956785 -0.82055187 3
-2.7607813 -8.6560497 -0.57279301 4
-2.6790109 -7.697402 -0.64064795 3
-2.6107609 -6.6465969 -0.65019208 2
-2.5828843 -5.7699366 -0.65827072 1
-2.552021 -4.7534776 -0.65225583 0
-2.5437117 -3.1049509 -0.67821956 3
-2.4754982 -2.0432529 -0.44594598 2.5
-2.4975159 -1.7926439 -0.57016915 1.6137255
-2.6015785 -1.3654475 -0.57419002 1.8361208
-2.6987276 -1.0278068 -0.63682556 1.5016667
-2.6973197 -0.59134269 -0.75823075 3.2727273
-2.6492176 0.1721797 -0.75236338 3
-2.6942253 0.54836214 -0.77249271 0
-2.658221 1.0194304 -0.76725072 0.2857143
-2.5282612 1.3882453 -0.75865972 0.25
-2.6953392 1.9332528 -0.76547545 1.25
-2.5677915 2.1654587 -0.77673709 1
-2.5507193 2.6003065 -0.7814641 1.5
-2.6157906 2.9644742 -0.78218722 2.4000001
-2.5647624 3.9634955 -0.75860775 4
-2.5678289 4.1038761 -0.73796892 4.1666665
-2.5075841 4.4901624 -0.65619093 4.5
-2.5662756 6.5770664 -0.61445427 6
-2.7777393 7.6165566 -0.4198961 6
-2.5179861 8.3796301 -0.55187494 6
-2.70188 -6.4198713 -0.22097425 5.1999998
-2.499583 -4.5771117 -0.077189006 6
-2.4036746 -2.0343571 -0.29152709 2
-2.4402602 -1.6814464 -0.21070077 5.1320348
-2.5484891 -1.3825499 -0.18802211 5.4534583
-2.7018373 -1.0365782 -0.20328395 5.6673388
-2.531347 6.5784764 -0.36480546 6
-2.4435937 -1.6705724 0.22715992 9.7515144
-2.5479641 -1.4009056 0.19998538 9.913722
-2.7144573 -1.0271273 0.22349262 9.0533609
-2.785743 -0.77127665 0.098048724 9
-2.6002426 12.248375 0.23890695 8.1715002
-2.72192 14.085216 0.1725179 8.0205002
-2.4350517 -1.647625 0.59219044 11.264285
-2.539865 -1.3933667 0.56038076 11.481685
-2.7137775 -1.0217493 0.57566643 11.476046
-2.4174304 0.79345846 0.64126915 11
-2.4547863 0.8632369 0.46898967 10.00075
-2.6204002 14.190948 0.71242005 9.0100002
-2.4328196 -1.6412874 1.0189096 12.571428
-2.5450749 -1.3932055 1.0093021 12.851651
-2.6931441 -1.0636005 0.97694612 12.148088
-2.5110197 14.530191 0.83737898 9.1709995
-2.6697996 -8.9176159 1.4655147 13.3965
-2.6112876 -1.2240386 1.213128 13
-2.7208347 14.553996 1.7793235 11
-2.5823078 -7.5309172 2.1216838 15.0355
-2.5908551 8.1471996 2.3064885 14.228701
-2.4821062 8.4303932 2.3431206 15
-2.7443333 14.471161 2.2185159 11.5
-2.6119728 7.919384 2.490823 15.022
-2.5460451 8.0384569 2.6996486 14.390834
-2.4275448 12.514289 2.7947483 13.171
-2.6752558 14.517139 2.7960343 12
-2.7252569 5.5270801 3.1855214 15
-2.5391936 5.7760439 3.1768587 15
-2.7201953 12.829547 2.8574221 13.1715
-2.597743 13.421041 3.1928754 14.0135
-2.5465641 14.551593 2.8259959 12.5
-2.6307797 12.764044 3.2091262 14.0205
-2.16748 2.5126376 -0.82959473 5
-2.298928 3.0694568 -0.82128519 3
-2.1486938 3.4228201 -0.80283314 2
-2.2926636 -7.9059596 -0.62693542 3.6666667
-2.2845299 -7.4949212 -0.58061302 3.4000001
-2.2786975 -6.921936 -0.6414271 2
-2.22385 -6.1753697 -0.52967137 2.5238097
-2.225981 -5.8552094 -0.65063941 0.5
-2.1832795 -5.3943453 -0.65882182 0.5
-2.0277267 -4.9660244 -0.53424525 1.5555556
-2.1798587 -4.6885476 -0.56323123 0.66666669
-2.303612 -4.1541557 -0.5271259 0.83333331
-2.1219387 -3.5018299 -0.67416692 2
-2.0119476 -2.9414604 -0.60198832 2.5
-2.1075809 -2.5840056 -0.54954416 2.1964283
-2.2248735 -2.2209768 -0.59789526 1.8396103
-2.2477551 -1.8896117 -0.64711231 1.4333333
-2.1549594 -1.377067 -0.72382349 1
-2.2463958 -0.6585328 -0.74706179 3
-2.14048 -0.13787985 -0.77804404 4
-2.2864587 0.39210463 -0.75166267 3
-2.1292531 0.75269836 -0.66875345 2.6666667
-2.1149848 0.99386644 -0.54951429 4
-2.1470761 1.4107127 -0.76576042 1
-2.1973355 1.8111801 -0.76144624 1
-2.2548859 2.2143803 -0.77149165 1.4
-2.309063 2.4631624 -0.78078145 1
-2.2281668 3.1486878 -0.77507681 3
-2.3664293 4.5490932 -0.58930534 5
-2.0998776 5.9133472 -0.65572047 4.5
-2.3834476 6.7674751 -0.47950795 6
-2.2654343 -7.4139123 -0.1272929 6
-2.194428 -6.1808348 -0.18638244 5.0999999
-2.019619 -4.9596624 -0.19090588 4.25
-2.1959713 -4.5698171 -0.21157578 4.0714288
-2.3068833 -4.1224241 -0.19348495 4.4000001
-2.0699608 -2.5119932 -0.19334668 5.1406159
-2.2011886 -2.2022758 -0.2129259 4.9997931
-2.3247828 -1.8950883 -0.20673002 4.9165754
-2.080056 1.0024818 -0.21654433 6.2916665
-2.1268644 1.9757435 -0.066350698 7
-2.0616364 2.0812624 -0.067701496 7
-2.1292281 8.5131655 -0.22889385 7
-2.0393562 -4.9239531 0.24137393 9.5223751
-2.2077248 -4.6716976 0.17668724 8.958333
-2.0696423 -2.489156 0.18904226 9.3813543
-2.1983531 -2.15641 0.2073608 9.4760513
-2.3349025 -1.866658 0.19569425 9.3567448
-2.0565197 0.84316206 0.18459111 8.5
-2.044991 1.8439561 0.17339383 9.0689163
-2.0452754 2.0539052 0.33142129 10.1755
-2.1659997 -4.7064261 0.59388483 13.125
-2.0509024 -2.5096145 0.5957132 11.78165
-2.1974599 -2.163914 0.57030064 11.637302
-2.3155634 -1.8948365 0.59112942 11.470372
-2.1732779 0.84704131 0.57666939 10.666667
-2.1377892 1.5552603 0.54168177 12.17725
-2.0494132 1.7190876 0.70621872 14.16
-2.0650275 2.1995988 0.52948999 10.616464
-2.0316994 -2.5101957 0.87923175 12.444444
-2.1871729 -2.1806026 0.96483397 12.704545
-2.3225338 -1.8820531 0.94437557 12.501625
-2.1911051 0.95623827 0.8440271 12.17925
-2.1308427 1.4330401 1.1099373 13.178
-2.035419 1.7540185 0.88302189 13.509334
-2.3130879 13.932693 1.1912751 10.016
-2.1039529 -9.9265842 1.2410756 11.039
-2.0000126 -10.449656 1.9523084 13.094
-2.1122639 -9.9786568 1.7913258 12.539
-2.2518885 8.2291269 2.3141437 14.338458
-2.2965641 8.4543228 2.3357944 15
-2.223336 14.674578 2.0318565 11
-2.1499808 8.1925135 2.7224224 14.333333
-2.1076386 14.682717 2.5702937 12
-2.2184987 5.8793726 3.1723239 15.06525
-2.1231985 6.0034347 3.1685503 15
-2.3743432 7.0406551 2.9261358 15.17325
-2.3317208 8.1491289 3.1892748 15
-2.0487418 11.723423 2.9727328 14.0195
-2.1999881 12.284525 2.9923954 14.018
-2.3051133 12.729918 3.0084448 14.01475
-2.2345903 14.718966 3.0519359 13
-2.0129886 8.2918777 3.2141428 15
-2.0482571 13.496057 3.202415 14
-1.7080234 -10.908239 -0.96268559 5
-1.9367321 6.285202 -0.81078833 4
-1.6932433 -10.801519 -0.56723189 6
-1.6459306 -8.548048 -0.75829107 5
-1.7099304 -7.228899 -0.51273894 3.6666667
-1.8335965 -6.9466906 -0.53144258 2.5
-1.7780819 -6.5369859 -0.6365509 1
-1.638214 -6.2139583 -0.40663737 2.5
-1.816635 -5.8590379 -0.62433851 0.14285715
-1.9024692 -5.4717216 -0.66785407 0
-1.7716902 -4.9141684 -0.66308057 0.875
-1.7245846 -4.5864553 -0.65792173 0.75
-1.7712551 -4.2318816 -0.70731097 1
-1.6555586 -3.6525447 -0.62038314 1.6666666
-1.712118 -3.417582 -0.50753868 2.5608697
-1.8261275 -3.0415497 -0.56405097 2.0547621
-1.9011208 -2.7352307 -0.58153838 2.7045455
-1.8097042 -2.1750321 -0.73159087 2.4000001
-1.9121863 -1.7189701 -0.73899275 1.8
-1.6186279 -1.5176847 -0.73881137 1.8
-1.7521257 -1.0514474 -0.7292825 1
-1.8561355 -0.48027372 -0.75255096 4
-1.88495 -0.39939046 -0.73977751 2
-1.6086345 0.68496323 -0.74696177 3
-1.8620144 0.99840385 -0.7702148 0
-1.7421077 1.4051402 -0.74294466 3
-1.7224811 1.8904728 -0.52125061 3.7483335
-1.7621136 2.0392833 -0.54029649 4.8571429
-1.6967516 2.672056 -0.77051646 1
-1.8153464 5.6663666 -0.5412755 5.1999998
-1.6925083 -10.784528 -0.18993174 7
-1.9399753 -6.4280968 -0.19274521 5
-1.6925961 -6.2723689 -0.073360749 6
-1.6845913 -5.9598169 -0.16361377 4.8333335
-1.7254626 -4.8507547 -0.15797389 4.6999998
-1.6808122 -4.7098579 -0.17079397 5.4722228
-1.6861908 -3.3547385 -0.24877562 3.7110462
-1.8375478 -2.9852962 -0.21576542 4.4579015
-1.9487977 -2.7102277 -0.18634552 5.1238098
-1.7335114 1.872209 -0.17797999 6.1796832
-1.6857735 2.1267266 -0.21487163 5.6333332
-1.7368491 5.6787033 -0.31042653 6
-1.6891859 6.4575043 -0.15084523 7
-1.9098421 8.0576849 -0.21500033 7
-1.6841631 -10.96417 0.24438676 8
-1.7036549 -10.757467 0.18939638 8
-1.7160063 -7.1474018 0.027269986 7
-1.6371354 -6.5684581 0.29937875 9.5204439
-1.7605989 -4.8786049 0.3170678 10.089115
-1.7469198 -4.6959233 0.25969011 9.5504179
-1.6818554 -3.3018456 0.16415 8.7873545
-1.8215019 -2.9671063 0.19547299 9.3991251
-1.9515491 -2.7072041 0.20402472 9.6312819
-1.9799097 0.95266461 0.18658358 8.5
-1.7656976 1.8600125 0.17501438 8.7594843
-1.7499937 2.1382041 0.20906407 8.9655962
-1.6555728 6.8373499 0.10741409 8.0194998
-1.8905697 8.1071482 0.14521968 8.1335001
-1.7699186 11.754217 0.15797539 8.0190001
-1.8512743 14.790925 0.29783142 8
-1.7385957 14.850808 0.3007161 8
-1.7000132 -10.977539 0.53728151 9
-1.8156911 -10.610961 0.53892499 9
-1.7053179 -6.5969071 0.59889847 11.5
-1.731912 -4.8750963 0.61678267 12.582708
-1.758777 -4.6840334 0.58212274 11.970341
-1.6817981 -3.3059309 0.55191362 11.816145
-1.8253392 -2.9850309 0.5788002 12.295608
-1.9412516 -2.7316906 0.60394269 12.121052
-1.9682326 0.96792126 0.57441497 10.6695
-1.7334957 1.4455228 0.68908793 11.35981
-1.7577941 1.889375 0.54249752 10.837601
-1.8121336 2.091073 0.48705596 10.318322
-1.6492168 14.626621 0.75313616 9.0185003
-1.9459649 14.893433 0.76243436 9.0190001
-1.712955 -10.947558 0.91245943 10
-1.8246533 -10.610028 0.91237974 10
-1.79601 -4.8618546 0.85099405 14.022
-1.7502375 -4.7228308 0.88917172 13.295682
-1.6730586 -3.3156538 0.88984674 13.434841
-1.8164867 -2.9944501 1.0193659 13.475825
-1.9512185 -2.7097292 1.0434031 13.169333
-1.8254389 1.4921587 0.96436864 11.901946
-1.8829018 1.7294357 0.94253999 12.24605
-1.9233711 2.1740324 0.928065 13.1745
-1.9229381 14.771432 0.87709439 9
-1.8368633 14.805594 0.88011235 9
-1.7039845 -10.938466 1.2902977 11
-1.921327 -10.465038 1.3227897 11.2376
-1.9738297 -10.185916 1.2691005 11.0395
-1.8386643 -4.6524162 1.2174919 14.0445
-1.9110037 -2.7940836 1.2452744 14
-1.7070796 14.889344 1.4731655 10
-1.7122109 -10.963605 1.6910633 12.008101
-1.8747113 -10.579681 1.7278054 12.2
-1.9802748 -10.228717 1.6439565 12.0395
-1.7727309 15.023076 1.9326597 11
-1.7210464 -10.948647 2.0754008 13.0081
-1.8441671 -10.568536 2.0626519 13
-1.9795107 -10.234338 2.0167768 13.0395
-1.7845792 -9.6630383 2.1464462 14.09425
-1.6323676 -9.5761013 2.1672463 14.0985
-1.8275188 -9.0340061 2.1156933 14.039249
-1.6458066 -8.3442879 2.1536071 15.094
-1.8364139 8.3408451 2.3265164 13.875
-1.8662965 8.5704212 2.338964 15
-1.7622843 14.871202 2.0607266 11
-1.8685099 8.2929449 2.6406491 15
-1.7266672 8.403554 2.7765517 14
-1.8994 14.731706 2.6319859 12
-1.722955 14.875586 2.5771589 12
-1.7941409 11.362885 2.8917522 14.019
-1.6942654 11.946316 2.8333399 14.012
-1.945626 12.209495 2.8983884 14.0125
-1.6247921 13.650065 3.1835418 14.01475
-1.733813 14.302616 3.142993 13
-1.9073205 14.792318 2.836926 12.17
-1.8635322 14.910294 3.087815 13
-1.714587 8.3471117 3.2199085 15
-1.8717842 13.502302 3.2011833 14
-1.4206297 1.1144733 -0.80554289 3
-1.344084 1.2758441 -0.82803535 3
-1.2672541 6.461175 -0.84531528 4
-1.2865446 -8.1793194 -0.74245006 5
-1.259403 -6.9376464 -0.56261969 4.875
-1.427902 -6.6821356 -0.57280093 2.2
-1.4814473 -6.2258925 -0.6217792 0.16666667
-1.5122341 -4.951395 -0.65057689 0
-1.3105242 -4.4399319 -0.48373932 1.5
-1.3093274 -4.1336651 -0.68784857 0.875
-1.4194605 -3.6826823 -0.58647257 1.9090909
-1.4635429 -3.4910026 -0.59484422 1.9886667
-1.3865507 -2.9689095 -0.70263231 1.375
-1.474833 -2.5639093 -0.73291135 1.1666666
-1.2821865 -2.3963664 -0.73544389 2
-1.4196357 -1.8414946 -0.73098981 3
-1.3635443 -1.3765665 -0.73885143 1.8
-1.2878085 -0.81650114 -0.72561973 1
-1.3384433 -0.17595506 -0.74811995 3
-1.5320501 0.1585474 -0.77976102 4
-1.5014765 0.76995611 -0.75408727 3
-1.3414971 1.0673988 -0.75010788 0.33333334
-1.3890657 1.3528796 -0.58040583 1.8431373
-1.4690691 1.929125 -0.51816833 2.3071427
-1.4823325 2.0163739 -0.4792704 4.6111112
-1.3890914 3.4071245 -0.67790323 3
-1.3659661 5.8816562 -0.52468246 5.625
-1.2230119 -6.9192657 -0.21343689 6.6666665
-1.4950893 -6.5321608 -0.082365029 5.875
-1.5129242 -6.3501163 -0.013727263 6.5
-1.3994329 -4.6213679 -0.16931507 5.0943551
-1.500038 -3.6252289 -0.21013877 5.1315317
-1.5056872 -3.5594141 -0.15499336 4.7901068
-1.3329241 1.8380883 -0.21374911 5.3454547
-1.5100412 2.0240798 -0.15905549 6.3725491
-1.3137807 5.8857493 -0.34068644 6
-1.439024 -11.266112 0.2527678 8.0994997
-1.2380731 -11.12816 0.25087488 8.1000004
-1.2857955 -8.2665272 0.185821 8.099
-1.3542042 -7.683404 0.13541061 8.04
-1.407223 -6.8820844 0.30112159 9.291625
-1.3821983 -6.5317645 0.26090285 9.24475
-1.4897456 -6.2881951 0.10800881 7.7653122
-1.5206655 -4.8067565 0.27854544 10.475785
-1.4117877 -4.6197863 0.19244654 8.9833326
-1.5042644 -3.6349494 0.239411 9.4030666
-1.5146176 -3.5560517 0.23889497 9.5899849
-1.4618486 1.909902 0.18110266 9.1123724
-1.4879521 2.0729237 0.17222807 8.9243126
-1.3204502 2.4292998 0.33496013 11.14925
-1.3315799 11.451749 0.24227732 8.1689997
-1.5538324 -11.074273 0.58388305 9.0410004
-1.4285215 -10.749629 0.56841773 9
-1.5316143 -6.9027014 0.49673837 11.0635
-1.4519354 -6.5480523 0.61320609 11.53191
-1.4425888 -4.6105084 0.60621756 12.177969
-1.51281 -3.6239424 0.52889735 12.087125
-1.5218885 -3.544667 0.52842182 11.981076
-1.5900382 1.5918965 0.59241271 14.1575
-1.4890887 1.9168704 0.50084513 11.414881
-1.4975793 2.1512785 0.65908664 11.663701
-1.4039868 14.758346 0.7636466 9
-1.3916243 14.870454 0.76892918 9
-1.5557365 -11.101904 0.97726488 10.041
-1.430068 -10.744558 0.94021827 10
-1.4805175 -4.5894575 0.98531258 13.5
-1.5095215 -3.6109819 0.91883153 13.5
-1.5103327 -3.5526154 0.92216265 13.475
-1.5553725 1.7779424 0.90603113 13.098125
-1.5856326 2.409055 0.81091297 14.0235
-1.4633143 14.96839 0.894297 9
-1.4981425 -11.311206 1.3990396 11
-1.3713789 -10.730249 1.2841886 11
-1.3585038 -4.5617523 1.2643375 14
-1.3824342 14.63963 1.3232646 10
-1.441378 15.055151 1.4236135 10
-1.3033404 -11.891902 1.8798392 12.1
-1.5122656 -11.434407 1.780466 12.031834
-1.551649 -11.10091 1.769087 12.041
-1.3449126 15.165681 1.9526716 11
-1.3313223 15.225031 1.9596442 11
-1.3040023 -11.883934 2.2882745 13.1
-1.5072603 -11.45787 2.1825247 13.031834
-1.5559417 -11.019078 2.1364894 13.0205
-1.3785073 -9.6694288 2.1621103 14.097375
-1.4374169 -9.1431141 2.1246781 14.0405
-1.4153876 -8.3629398 2.1634362 15.09675
-1.3759259 -7.8645182 2.1277196 15.04
-1.2971355 2.4062991 2.3467126 15.175
-1.4127909 8.5527258 2.3563654 14.181818
-1.365793 8.8911171 2.3395357 14.004625
-1.3725202 15.039748 2.0865574 11
-1.4396769 8.5112677 2.7219398 14.6
-1.3500354 15.082977 2.5719836 12
-1.325629 4.763948 2.8347938 15.173
-1.583221 5.0398164 2.9157269 15.1735
-1.3955845 6.1252656 3.1738675 15.1725
-1.3687427 14.312931 3.1488733 13
-1.419064 15.052112 2.9560661 12.446167
-1.3821976 8.3968735 3.2253833 15
-1.4899805 13.522955 3.201704 14
-1.3263677 13.896989 3.2095146 14.13775
-0.98029178 1.245194 -0.80640846 3
-1.0005994 6.1232281 -0.8277142 4
-0.92198813 -8.9593573 -0.56787133 5
-1.0572662 -8.1725407 -0.52359313 5.5
-0.84884965 -7.735158 -0.53017896 5
-0.97028953 -7.407927 -0.61571097 3
-1.0320528 -7.0202942 -0.60421437 3
-0.8884908 -6.5369568 -0.63290852 0
-0.9829306 -6.0831356 -0.66649956 3.5
-0.8951751 -5.985743 -0.64129758 3
-0.97494256 -5.3663454 -0.67318857 3.2
-0.88883507 -4.8793612 -0.68122047 2
-1.0782869 -4.477881 -0.54298151 1.5578947
-1.0158182 -4.2824116 -0.67539608 1.6875
-0.96727145 -3.716521 -0.69979328 0.75
-0.94039601 -3.4746683 -0.69336176 1.1666666
-1.0454774 -3.0698211 -0.71386635 0.89999998
-0.97730434 -2.6678264 -0.71640998 1.1428572
-1.0294479 -2.279074 -0.73066813 2
-1.1760677 -1.7225327 -0.72932541 3
-1.0137281 -1.2177073 -0.73757273 1.8
-0.81937438 -1.1869187 -0.74496698 3
-1.0605828 -0.74249864 -0.7222243 1
-0.9568758 -0.068734765 -0.74352968 3
-0.85609531 0.38553333 -0.77825826 4
-0.85718143 1.1277138 -0.66316664 2.9404762
-0.97402477 1.4132742 -0.63802052 3.2222223
-1.0344974 1.7765715 -0.46507642 3.4683909
-0.86004049 2.3232052 -0.74412417 0
-0.96232927 2.6735735 -0.67294133 0.96249998
-1.0235391 2.869957 -0.55351597 4.75
-0.97000051 3.4374201 -0.62136024 3.5416667
-0.89641738 3.803858 -0.72784436 2.5
-0.91983926 -9.3153906 -0.32210886 6
-1.1056812 -8.265789 -0.14493085 7
-0.94106591 -7.2429228 -0.032247424 7
-1.1652586 -6.9534082 -0.24385861 6.5
-1.0874381 -4.4830022 -0.16156349 5.0938535
-1.1466624 -4.3463621 -0.13295825 5.1500001
-1.0096354 1.7838328 -0.18592836 5.6173611
-1.0126635 2.2215893 -0.046546914 7
-0.88747817 2.88361 -0.1321383 6.6666665
-1.078397 5.992774 -0.31348705 6
-0.96360397 6.0402312 -0.35874659 6
-0.92668378 -8.7044468 0.20199683 8.1079998
-1.1520333 -8.3048058 0.14560743 8.0205002
-1.1001428 -7.165288 0.086506203 8.0952501
-0.81063396 -5.3020344 0.1889637 8.3999996
-1.0673984 -4.4902458 0.1935927 9.3369112
-1.1156207 -4.3524618 0.17519362 8.634304
-0.83629 1.9741808 0.074048847 8.6464996
-1.1131108 2.1142719 0.10984548 8.6787558
-1.0777824 2.5998988 0.06027323 8.0554371
-0.99597669 15.131942 0.3178499 8
-1.0241394 -10.553549 0.57620925 9
-0.8059538 -5.3026428 0.49906886 13
-1.0957431 -4.4605384 0.61166513 12.286586
-1.1394438 -4.3372211 0.60289305 12.253
-0.94951218 15.027677 0.78109998 9
-0.89346421 -10.443247 0.86689496 10
-1.0696039 -4.4602757 0.99247104 13.277555
-1.0832665 -4.3524809 1.0494771 13.416666
-1.0537394 15.111477 0.90839648 9
-1.1384232 -10.619653 1.3096814 11
-1.0685925 -4.4613948 1.2182269 14.012833
-1.0465798 15.11639 1.4343294 10
-0.88605571 15.243722 1.517103 10
-0.84979498 -13.271381 1.966015 12.108
-0.81014442 -12.368934 1.6280218 12.079
-0.97132885 14.996568 1.9372094 11
-0.85215151 -13.299952 2.3920615 13.108
-0.82062066 -10.754904 2.2149682 14.10825
-0.86649239 -9.4199829 2.1813979 14.57525
-0.91938329 -8.5010834 2.1805363 15.0965
-1.0128777 -8.1982689 2.1611238 15.070749
-1.1054772 -7.9404197 2.1363411 15.041
-1.0259401 2.4785895 2.3485327 15.174
-1.0547632 8.6913776 2.3825688 14
-0.97701943 8.8827362 2.3407261 14
-1.1084669 15.158502 2.1053472 11
-0.89872527 15.234681 2.1183074 11
-0.9928382 8.7006063 2.547056 14.857142
-0.98209506 15.139323 2.6540296 12
-1.0198841 8.7047415 2.8325293 14.2
-0.97944498 13.679932 3.1860752 14.013374
-1.0304635 14.323522 3.1559918 13
-0.97301298 15.088275 3.0118771 12.745667
-1.0319688 8.4407139 3.2319827 15
-0.99849379 13.547474 3.2056375 14
-0.96257329 13.949453 3.214572 14.137
-0.43525892 2.8002357 -0.81328768 4
-0.67119336 -10.815668 -0.59367883 6
-0.61507624 -9.2543192 -0.49030578 5.6666665
-0.54211932 -9.086874 -0.61084974 5
-0.42724371 -8.7453537 -0.57241637 1
-0.59920549 -8.2392731 -0.55805916 4.25
-0.57746756 -7.7430372 -0.56883538 4
-0.65232605 -7.3744397 -0.64379007 3.8571429
-0.59043211 -7.043148 -0.61388457 1.6
-0.48739839 -6.6132936 -0.62056357 0
-0.74295294 -6.1132522 -0.66703945 3.5
-0.60474676 -5.7656746 -0.6084339 3.3333333
-0.66185313 -5.3289261 -0.5478 3.7785716
-0.57811517 -4.9834633 -0.67320126 2.25
-0.54697311 -4.4599023 -0.68663251 2
-0.55669951 -4.2666392 -0.68747795 1
-0.59177685 -3.7134945 -0.69775468 1.2
-0.62100351 -3.3230772 -0.703017 0.5
-0.67208135 -2.9725146 -0.71426296 0.5714286
-0.52445519 -2.5443628 -0.71956491 1
-0.60593152 -2.0680172 -0.73320311 2
-0.40466428 -1.9921079 -0.73337859 2
-0.56460977 -1.4831402 -0.7263242 3
-0.66783553 -1.0892084 -0.71793026 0
-0.6200949 -0.62206674 -0.72130728 1
-0.69025171 -5.197525e-05 -0.75398958 4
-0.56630933 0.039925814 -0.74295795 3
-0.6860711 0.40776348 -0.77477217 4
-0.6728301 1.0339121 -0.6754185 2.1111112
-0.60109937 1.3162518 -0.67932808 1
-0.58091438 1.7802227 -0.60045028 2.8125
-0.54737723 2.286485 -0.7524929 2.4000001
-0.66112995 2.7046475 -0.75506413 0
-0.56376904 2.9654381 -0.68316418 1.8994708
-0.6735307 3.3185227 -0.70763981 2
-0.6771841 3.9842527 -0.70815033 4
-0.78351694 4.0247092 -0.70696765 4.3333335
-0.51463771 4.7291889 -0.79673159 4
-0.46061456 -9.7067614 -0.053074151 7
-0.68470693 -7.2989712 -0.11100225 7
-0.44849375 -6.0633516 -0.14992793 2.4102564
-0.54111809 -5.7889099 -0.15830337 3.6857574
-0.70032388 -5.381114 -0.17277633 3.8607123
-0.56003183 1.699227 -0.19274475 4.9133334
-0.71118867 2.3586428 -0.071339294 7
-0.40113711 3.1269383 -0.078459382 7
-0.72527134 -10.818883 0.25595313 8.1084995
-0.48821819 -10.716614 0.25648916 8.1092501
-0.76033545 -8.6826925 0.097654693 8.0795002
-0.67718863 -7.2313652 0.076657832 8.0802498
-0.45249394 -6.0423985 0.23897134 9.4553337
-0.51559818 -5.7897358 0.21350484 9.0156183
-0.68956405 -5.369276 0.21561077 9.0419264
-0.45180574 1.5745288 0.14493576 8.7210836
-0.46114928 1.7067802 0.11270712 8.810358
-0.63277602 2.2090077 0.21943118 9.33529
-0.59628952 -10.499181 0.57669795 9.3999996
-0.58654261 -10.342923 0.55330974 9
-0.46262011 -6.038198 0.52170509 13.32414
-0.52235192 -5.783484 0.54970044 11.963367
-0.69200701 -5.3718028 0.5550462 12.028171
-0.59273922 2.2397759 0.46516722 11.374896
-0.61539733 14.534626 0.76275533 9
-0.66264004 -10.459055 1.0291059 10.75
-0.57506567 -10.326463 1.0158275 10.5
-0.41697592 -6.0569611 0.98960799 12.80575
-0.49243554 -5.7763963 1.0111104 13.05425
-0.65992129 -5.3840981 0.95936263 13.08815
-0.61763883 15.059312 0.91286749 9
-0.43462384 -6.0197525 1.2714353 14.1115
-0.69428134 -5.2647061 1.3521506 14
-0.6820814 14.638298 1.3314739 10
-0.62179112 15.106429 1.5095295 10
-0.76308501 24.652672 1.2566851 9.1689997
-0.40715647 -13.08403 1.7488269 12.08
-0.61810327 -12.693886 1.6828619 12.0795
-0.5942862 13.75459 1.9421302 11.1675
-0.61371553 14.12582 1.8410177 11.00825
-0.75187933 14.677385 1.9030282 11
-0.6288296 -13.768316 2.0518477 12.1085
-0.40970111 -13.11945 2.1563075 13.08
-0.62211061 -12.702346 2.0707991 13.0795
-0.73051167 -10.006022 2.1462178 15.0795
-0.44782972 -9.9967165 2.1529195 15.080501
-0.6066224 -9.4508867 2.1899738 14.576125
-0.57665151 -8.4862623 2.1910028 15.100333
-0.55398113 -8.0632324 2.1540163 15.042999
-0.59574336 8.8926945 2.359581 14.4
-0.55764639 14.057224 2.3866882 12.0165
-0.63476443 15.088426 2.1049435 11
-0.63070405 -13.798539 2.4963102 13.1085
-0.41317868 -13.13997 2.5683331 14.08
-0.6274581 -12.677321 2.4568729 14.0795
-0.64563513 8.7940159 2.4647818 14
-0.6337291 8.9041004 2.5236831 14.2
-0.60435891 13.810519 2.5064635 12.1675
-0.65770066 14.30804 2.4225235 12
-0.55535287 14.542821 2.5415487 12
-0.68946648 15.002651 2.6380692 12
-0.54300427 6.2002902 3.1627486 15.170499
-0.65370464 8.7965155 2.8614826 15
-0.59590131 8.8863401 2.8716047 14
-0.58600008 13.814379 3.1405885 13.59
-0.59283578 14.276328 3.0981693 13.005501
-0.70434749 14.515023 3.0246103 13
-0.57557362 8.4245081 3.2336552 15.112166
-0.58021617 13.553865 3.2084637 14
-0.32299054 -11.997904 -0.43759087 6
-0.11360803 -9.4630976 -0.54388851 2.5
-0.16038826 -9.0051088 -0.53720593 2.1111112
-0.22893354 -8.4945488 -0.57110453 1.5
-0.25639927 -8.3119879 -0.58575273 1.2222222
-0.22568259 -7.6909246 -0.58940589 2.5999999
-0.17488821 -7.4533424 -0.65121979 5
-0.24037915 -7.086175 -0.62001449 2.5
-0.12110787 -6.5820336 -0.57468724 2.25
-0.2517097 -6.0730734 -0.59214723 3.8
-0.33122069 -5.8740907 -0.62948984 3.3333333
-0.23757263 -5.4275436 -0.67259979 3.3333333
-0.24898817 -4.9499645 -0.66787481 2.25
-0.14461611 -4.4982643 -0.67050481 2
-0.19363768 -4.2437906 -0.68637478 1.25
-0.25715324 -3.6456864 -0.69039756 1
-0.12786052 -3.2424681 -0.70537561 1
-0.19330642 -3.0722075 -0.7065227 0.44444445
-0.20462716 -2.6464984 -0.71740597 0.85714287
-0.14601421 -2.3078914 -0.7092495 2
-0.21385467 -1.9432359 -0.73091143 2
-0.14904773 -1.3470507 -0.7269001 3
-0.21781754 -1.0018841 -0.7315765 1.2857143
-0.055764969 -0.56189585 -0.71651715 1
-0.20167965 0.078913927 -0.73056 2
-0.19537181 1.0092328 -0.74102658 1
-0.20586181 1.3600347 -0.75020671 1
-0.21838801 1.7753248 -0.63393843 0.69999999
-0.19806737 2.1417212 -0.74424493 2
-0.1738337 2.5811522 -0.66574025 1.9102565
-0.24285479 2.8546879 -0.69807643 1.6666666
-0.16723323 7.1244273 -0.60598427 5.5
-0.079870567 -6.8473792 -0.14115368 2.1547618
-0.16527055 -6.596127 -0.13536628 4.3121696
-0.31588262 -6.2636752 -0.14806922 3.9876812
-0.31239891 -5.9596577 -0.15159401 6.5
-0.099924222 -2.0410888 -0.019342178 7
-0.11937003 -1.8945776 -0.057285465 5.8571429
-0.053509846 1.5931983 -0.03915998 7
-0.1767638 1.6651968 -0.18175051 5.2120814
-0.060013235 2.0950713 -0.2156966 5
-0.38133419 2.9667754 -0.38897252 5
-0.20168686 3.3061848 -0.24893665 6
-0.21398306 -10.755205 0.13901517 8.0810003
-0.06128417 -6.8411889 0.25058478 9.294445
-0.1640373 -6.5803194 0.21767727 8.961175
-0.27484721 -6.2720256 0.22485211 9.2043219
-0.30406231 -5.9644499 0.11258823 8.333333
-0.1112111 -2.0569234 0.19170961 9.0382376
-0.11548977 -1.7833698 0.22746733 10.037255
-0.020855818 -1.5746922 0.26981574 12.52225
-0.11737535 1.5754451 0.20329463 9.824688
-0.17041875 1.6740245 0.11946153 8.8370342
-0.18930273 2.3228714 0.26430416 9.825099
-0.15844841 2.4263721 0.1607556 8.9647226
-0.2174567 -10.358803 0.5783571 9.5
-0.074078009 -6.8279519 0.51303005 12.254625
-0.15348491 -6.5674772 0.57566875 11.651217
-0.30945259 -6.2081652 0.52647722 12.017236
-0.36747444 -5.8250675 0.47882885 11
-0.077247754 -1.7542183 0.67420751 12.466451
-0.23083143 2.3717949 0.47390357 11.379266
-0.079477116 2.4202294 0.49897805 11.5
-0.22585082 -10.362003 1.0269444 11
-0.04769218 -6.8455849 0.96242332 12.705333
-0.10683421 -6.6005235 1.0129032 12.38525
-0.26159599 -6.2221217 1.0267333 12.901547
-0.33356941 -5.9420719 1.0111979 13.5
-0.090720668 -1.8251785 1.0341389 13.17435
-0.26118875 14.547425 0.89149213 9
-0.018947124 -6.8369498 1.2859486 13.104
-0.064136498 -6.6552753 1.253556 13.3665
-0.38235915 -6.1253791 1.303555 14
-0.2938149 14.567394 1.4676609 10
-0.14369257 24.697809 1.3692112 9.1512499
-0.17946434 -13.539068 1.8258822 12.0805
-0.073557496 12.986358 1.7187568 11.0155
-0.30550587 13.473143 1.7705462 11.016
-0.11042845 -15.033829 2.2716613 12.1095
-0.38236487 -14.374104 2.1567242 12.109
-0.18216252 -13.566687 2.2486715 13.0805
-0.23534667 -9.8193398 2.1957185 14.049438
-0.12990481 -8.4945183 2.1997111 15.02475
-0.2028472 -8.0963316 2.1583288 15.04425
-0.37952626 9.0034714 2.3814402 14.00775
-0.11432767 12.784261 2.3534639 12.1665
-0.078662992 13.042508 2.2429094 12.0155
-0.31144154 13.536991 2.3126202 12.016
-0.3211863 14.23766 2.005286 11
-0.39244676 14.541331 2.0416007 11
-0.11546481 -15.006824 2.7509696 13.1095
-0.38478911 -14.385664 2.6195707 13.109
-0.18257666 -13.627541 2.686744 14.0805
-0.22256021 9.0238838 2.5080338 14.565933
-0.058540344 9.2269983 2.5877173 14.165751
-0.09070456 12.996773 2.7547395 13.0155
-0.35118032 13.282069 2.427326 12.167
-0.30382323 14.267753 2.5831659 12
-0.35335898 14.413407 2.6053391 12
-0.2336992 9.0330448 2.9089837 15.03625
-0.066700697 9.2310896 3.0029426 15.165751
-0.11749291 12.909606 2.9030795 13.1665
-0.21364081 13.403521 3.0610874 13.589251
-0.31371957 13.674772 3.031955 13.514
-0.31364417 14.315625 3.1696274 13
-0.11869538 -15.006455 3.2415214 14.1095
0.22229409 -10.240272 -0.50224644 4.3333335
0.11572576 -9.7357979 -0.52113158 2
0.25077975 -9.5171566 -0.54450244 2.8
0.23496872 -9.0467463 -0.56292886 1.6666666
0.2028463 -8.5017776 -0.5480141 0.45454547
0.18828879 -8.27349 -0.5368005 3.8333333
0.2687186 -7.7378154 -0.49669334 3.6666667
0.27161777 -7.3891735 -0.58496767 3
0.14316498 -6.9533997 -0.58154196 2.6363637
0.22675979 -6.6399531 -0.60969985 0
0.21928065 -6.0342345 -0.64947605 3.6666667
0.22552979 -5.906538 -0.65407073 3
0.1402034 -5.3993669 -0.67032605 3.3333333
0.17474493 -5.0483575 -0.66147286 2.25
0.14132953 -4.5561996 -0.68040192 1.5
0.18618065 -4.209116 -0.68385965 1
0.16861281 -3.7757988 -0.69176 1.5
0.16857387 -3.4091203 -0.68647009 0.42857143
0.20649411 -2.9849842 -0.70330739 0.375
0.17632601 -2.5360627 -0.7190975 0.85714287
0.28143904 -2.0918491 -0.61457092 2.5999999
0.21751907 -1.9173646 -0.5186913 2.28
0.1220538 0.089503288 -0.72813272 2
0.19006908 0.79470801 -0.75921923 0
0.15648359 1.0245109 -0.73386621 1.75
0.22551155 1.4474858 -0.63397568 1.25
0.23963572 1.7449329 -0.67046243 2.2857144
0.078933626 2.2062557 -0.56482774 1.076389
0.27512071 2.6265323 -0.62321556 1
0.39821008 2.8100202 -0.57302225 2
0.19109499 7.3472624 -0.48248026 6
0.15870696 12.34478 -0.67298496 6
0.33315802 -7.7352729 -0.17502506 3.0526316
0.20304956 -7.4144216 -0.12190583 4.104084
0.06204737 -7.0566268 -0.13307142 4.09375
0.003118515 -6.5620317 -0.087418005 7
0.31515378 -2.0328999 -0.29370293 3.0625
0.24751669 -1.8422803 -0.18346977 4.1931744
0.34053898 -1.3104562 -0.18564506 3.4733336
0.3499361 1.5441475 -0.16094273 4.6666665
0.11288153 1.7750388 -0.22995573 4.7144446
0.17819795 2.2032826 -0.19503936 5.0833335
0.15316153 2.5743866 -0.24907795 5.75
0.15798981 2.9959784 -0.20622748 5.5
0.38281289 3.6194634 -0.31494331 5
0.38790929 -10.306857 0.25826433 8
0.31483349 -7.6978784 0.16998456 7.6945271
0.20587303 -7.4295592 0.21483721 8.4743299
0.057731327 -7.0586166 0.22308637 8.5549545
0.0046730042 -6.5908709 0.079429843 8.0845003
0.35985863 -2.4405942 0.3007687 11.1605
0.1936143 -2.155457 0.26178941 10.193508
0.22906016 -1.8110799 0.18569832 9.6184235
0.33319905 -1.4349709 0.21878201 10.852643
0.17220642 1.9933157 0.10296419 9.1324997
0.25125095 2.2869096 0.20739533 9.2713518
0.33071327 2.6551034 0.11244508 8.543334
0.27550367 2.9635692 0.16804764 9.0681248
0.36500347 -10.334145 0.56951952 9.0559998
0.30833319 -7.6595106 0.5580703 13.08
0.23020367 -7.4326897 0.56354696 11.864642
0.059355956 -7.0542264 0.52700394 12.344944
0.12065291 -6.7900085 0.56875241 10.75
0.23654166 -2.1528909 0.53185058 11.345995
0.1757118 -1.8917022 0.54745144 12.129089
0.33176702 -1.4011338 0.41447622 14.04615
0.26350939 2.3704011 0.4761723 11.432011
0.35627174 -10.235897 1.0276954 10.5
0.25544879 -7.4854984 0.97483855 13.333333
0.076760143 -6.9995399 0.89927214 12.5287
0.083995104 -6.7459984 1.0514473 13
0.2580232 -2.049556 1.0636332 13.545307
0.06067121 12.722828 1.1889359 10
0.19855559 -10.477922 1.2093091 11.1115
0.30561352 -7.2234383 1.2628943 13.0855
0.3180303 12.476164 1.4531789 10.1682
0.13219392 -14.118895 1.9253156 12.040501
0.3570478 -10.304967 1.9847912 13.1045
0.087950587 12.688671 1.6875441 11
0.14953573 -14.154691 2.3719285 13.027
0.24423297 -9.8103409 2.2097118 14.033417
0.33160698 -9.4536657 2.2470458 15.1125
0.27709305 -8.4946785 2.2040396 15.050249
0.0090930937 -8.1136789 2.1622095 15.045
0.12630403 2.6789408 2.3547068 15.17025
0.31604409 11.891973 2.2232442 12.1655
0.2264486 12.23982 2.2030063 12.09025
0.12554085 12.645914 2.1869831 12
0.29692972 25.056259 2.1839924 10.016
0.15270647 9.1712427 2.4770308 15.003501
0.30507773 9.2338142 2.5121031 15.070499
0.30423284 11.875819 2.7142501 13.1655
0.34694022 12.252067 2.5230131 13.0125
0.11669958 12.644136 2.6927969 13
0.15737438 12.850629 2.5269618 13.011
0.11472487 -14.152908 2.8167825 14.040501
0.25401008 7.044558 2.9570162 14.169
0.29631412 9.3652296 2.8882835 13.671249
0.10097671 12.362302 2.8025293 13.166
0.35743618 12.437216 2.9192469 14.0105
0.20746662 12.911478 3.0452468 14.00925
0.042977363 13.415391 3.1819422 14.008
0.78863734 -10.445483 -0.41955057 5
0.59078753 -10.293152 -0.48441553 4.090909
0.55795592 -9.7767467 -0.50786692 2
0.62283987 -9.3905802 -0.5316298 2.3636363
0.62993914 -8.9366379 -0.54846734 1.2222222
0.59612173 -8.553257 -0.5510332 0.55555558
0.65068018 -8.2806187 -0.54024422 1.7142857
0.41887286 -7.8288102 -0.52551049 3.6666667
0.53058511 -7.4562626 -0.6014322 3
0.6081062 -6.9777336 -0.61197579 2.2857144
0.48283172 -6.608861 -0.60778314 0
0.49768531 -6.003716 -0.633843 4
0.63914049 -5.8596816 -0.64671534 3.3333333
0.60889471 -5.4294491 -0.65761161 4
0.53740847 -4.9646368 -0.66600645 2.25
0.63490456 -4.5511022 -0.67455417 2.3333333
0.60477793 -4.1684256 -0.67001623 1.8
0.59946162 -3.8189976 -0.68510407 0
0.52832597 -3.3485577 -0.68553847 0.33333334
0.58487171 -2.8840528 -0.69719309 0.5
0.49860755 -2.4846599 -0.70947075 1
0.48916817 -2.0465789 -0.53473586 3.2
0.51142257 -1.8482665 -0.59619421 2.3076923
0.64612097 -1.4159944 -0.55854529 2.5014493
0.57747948 -1.1226476 -0.44889212 0
0.79037786 0.3810668 -0.74184281 0
0.60602039 0.62537676 -0.74095583 0
0.60742736 0.98728722 -0.73886329 0.66666669
0.558433 1.3892928 -0.69152659 1.3333334
0.57761461 1.7022543 -0.58089036 1
0.44576189 2.2069767 -0.56697768 3.5
0.56508845 2.7117083 -0.58042812 2.2
0.49843478 2.8614028 -0.66729784 2.8333333
0.57894218 5.2199922 -0.6367619 6
0.40992492 7.7679176 -0.45413896 6
0.72563243 -10.309216 -0.2024978 6.5
0.70035058 -8.5083876 -0.14246391 4.3055553
0.55929255 -8.1764946 -0.097427905 4.8499999
0.43958858 -7.8843298 -0.085483 4.7023811
0.42873529 -1.9235405 -0.1724035 5.195652
0.5682621 -1.3959211 -0.21856211 3.9057443
0.63124299 -1.1314393 -0.22780694 2.5373738
0.55949998 1.5867398 -0.30830523 5
0.55300802 1.6640974 -0.21225564 5.3900003
0.41533607 2.2057834 -0.27544352 4.5999999
0.45746925 2.5838401 -0.31736115 4
0.56356394 3.0021455 -0.28391379 5
0.58980352 3.4374564 -0.19960682 6
0.47344276 3.7171376 -0.13832676 6.5
0.65651619 8.1968527 -0.19036056 7
0.63171649 -10.300518 0.26195979 8.0562496
0.69255656 -8.4724627 0.20143874 7.9857144
0.57999313 -8.1996031 0.1798704 7.8831162
0.44492632 -7.8493719 0.2533116 8.8768339
0.64681917 -2.1186938 0.33503702 10.132652
0.4642649 -1.8347933 0.21943903 9.4577007
0.54331553 -1.3424945 0.19207923 10.027803
0.56759143 -1.1632801 0.17506173 10.403131
0.42895067 2.3320701 0.23618659 9.4335632
0.51304579 2.679647 0.14232101 8.526494
0.69211876 2.8901711 0.15994559 8.731452
0.67969018 -10.28419 0.57028788 9.1694994
0.69434804 -8.4734888 0.64073986 12.139999
0.5893209 -8.2035103 0.60711759 11.366121
0.46010369 -7.8875594 0.58979756 11.532561
0.6634177 -2.1753883 0.55323011 12.125846
0.44746926 -1.8809236 0.50362307 12.748166
0.51578885 -1.3648945 0.44724479 13.929062
0.43114087 2.3387156 0.45910892 11.333333
0.75172603 2.9699504 0.44524562 11.003
0.41413102 12.334554 0.64514101 9.1339998
0.68181252 -10.57954 1.0840153 11.084
0.76640165 -10.303353 0.88982058 10
0.699983 -8.4771566 0.89985204 13.258444
0.58655012 -8.177228 0.94273472 12.083333
0.44652796 -7.8964911 1.0125141 13.166666
0.60349816 -2.2003381 0.89560074 13.113332
0.56617719 -1.8876106 1.0663861 13.515411
0.4529959 -1.54705 1.12307 13.171
0.70985794 -10.322853 1.2060521 11.056499
0.69362766 -8.4948359 1.3990217 13.759167
0.62247688 -8.290206 1.2173985 13.5
0.62554777 11.805912 1.4214033 10.168
0.69031203 -8.5664415 1.7623709 14.1145
0.70741343 11.06685 1.6413274 11.1645
0.5259912 -9.7596941 2.2196202 14
0.60307539 -9.3796482 2.2445822 15.1135
0.62372345 -8.4723082 2.2159224 15.052
0.63035917 -8.3421822 2.1759608 15.104
0.6402871 2.9627273 2.3542919 15.168125
0.57017207 9.4754429 2.3160527 12.60155
0.70171428 11.096045 2.1097109 12.1645
0.60294586 11.465624 2.0945139 12.089251
0.57248783 11.854097 2.1368384 11.84
0.54354322 9.3831272 2.5885735 14.619429
0.68239677 11.440894 2.4895954 13.0135
0.50414836 6.6460938 2.8708389 14.1685
0.7439338 7.9207344 3.1398888 14.084
0.73679352 8.1754665 3.1221066 14.083751
0.50349611 9.3956556 2.9147635 13.518722
0.55034733 11.974119 2.8198299 14.01
0.65586782 12.010111 2.868319 14.0065
0.46715215 12.457269 2.9673724 14.007
0.90468842 -10.450469 -0.41998848 5
1.0330111 -10.226408 -0.47546849 4.125
1.0103703 -9.8337259 -0.47163662 3.3333333
1.0152078 -9.3526459 -0.5075587 2.5
1.0503048 -8.9733734 -0.514579 1.5333333
1.0010942 -8.613143 -0.53814763 0.66666669
0.93064719 -8.2147427 -0.58675086 4.1999998
0.91250324 -7.4102225 -0.60036302 3
0.93546247 -6.9589562 -0.61130506 3.3333333
1.0591557 -6.6069551 -0.5996865 0.85714287
0.97217977 -5.7940941 -0.64150059 3.5
1.145838 -5.5529823 -0.64798224 3
1.0863769 -4.8017359 -0.67847711 2
0.99033666 -4.7146211 -0.655312 2.3333333
0.9331401 -4.1830778 -0.67589051 1.5
0.91247529 -3.7541409 -0.68057656 0.33333334
1.0164821 -3.3180101 -0.68494445 0
1.0167341 -2.9249532 -0.69914043 0.25
0.96502376 -2.54672 -0.70036942 0.8888889
1.0502957 -2.0794177 -0.5437578 2.477778
0.99838197 -1.6935232 -0.5625689 0.86666667
0.91381776 -1.5338111 -0.51825988 1.5454545
1.0474267 0.26582748 -0.72455776 0
1.0667229 0.56275684 -0.72287476 0.5
1.0525703 0.87414235 -0.72527683 1
1.0832839 1.5036278 -0.73581976 2
1.0860797 1.8705386 -0.61014944 2.6428571
1.0190617 2.0743592 -0.52805287 3.0971076
1.0208156 2.5647206 -0.72953373 1.75
0.95061243 2.9864125 -0.66906172 2.625
1.0445346 3.3773251 -0.61018544 3.3333333
1.0953301 4.0775166 -0.51353842 4
1.0622754 4.4134622 -0.55253154 4
0.82869959 5.5438142 -0.64463526 6
1.0815474 -10.088808 -0.2192159 6.1999998
1.0530684 -9.8017969 -0.15358789 5.8000002
1.0627097 -9.335392 -0.19895166 4.25
0.94466817 -9.0233192 -0.064523548 5.2954545
0.8018657 -8.7447872 -0.13569024 4
1.0803308 -2.0784569 -0.20932148 4.8464918
1.0147339 -1.7550095 -0.25202551 4.0666666
0.91315788 -1.4893037 -0.20697145 4.5227275
0.88047659 -1.0687908 -0.20507959 3.1399999
1.1358635 1.9462538 -0.15471159 6.25
1.0488889 2.061115 -0.17774728 5.6500001
1.0078676 3.4986224 -0.22737822 6
0.98199821 3.6170774 -0.36677024 5
0.95671594 11.202612 -0.25959262 7
1.0592504 -10.094489 0.22433932 7.9070001
1.1287069 -9.7321758 0.13454354 7.1357145
1.0845907 -9.3609724 0.21514724 7.8333335
0.9270438 -8.991087 0.19421566 7.7142859
0.81863409 -8.7502995 0.14029498 7.2500005
1.0722057 -2.1027489 0.12064884 8.0422106
0.9339447 -1.7385081 0.21992259 9.2749548
0.97905606 -1.3582025 0.21471009 10.152095
1.0154202 -0.89934093 0.013357115 7.3334746
1.0811268 2.5383575 0.057878971 8.1212921
0.8987661 3.0065122 0.1645996 8.7512341
1.0546194 3.2557294 0.32169774 10.018666
1.1235745 -10.112668 0.58893746 9.4285717
1.1034544 -9.7935772 0.58312976 10.0086
1.090887 -9.3740978 0.58681214 10.9
0.95421004 -9.0213289 0.65153497 11.5
0.82992142 -8.7549667 0.59618998 11.466666
0.86750042 -2.199409 0.55176419 13.820499
0.95396191 -1.8978008 0.52023959 11.995182
1.0047221 -1.3437742 0.44867876 13.966496
0.86338943 3.1032772 0.41915566 11.15325
1.0235316 3.2611971 0.41512379 11.12625
1.0667394 -10.089789 1.0001515 11.196636
1.0470353 -9.8766155 1.0557431 11.482301
1.0911685 -9.3959522 0.98616666 13.317943
0.94958377 -9.0315866 0.94893146 13.415333
0.81799656 -8.734683 0.94420338 13.674001
0.82723641 -8.2436199 1.0515143 12.0865
1.131857 -9.4081774 1.2257147 13.083
0.82568622 -8.2571669 1.5308686 14.0865
0.98518133 11.112572 1.3477054 10.167
1.1244822 -8.8380775 1.6827585 14.087
1.1384175 9.9112263 1.9398957 12.163
0.91429728 11.129899 1.9816132 11.449333
0.92557836 -9.7715073 2.2168691 14.361751
0.99054754 -9.2021046 2.2259672 15.115
0.92781156 -9.0999928 2.2978921 15.11075
1.060258 3.0511601 2.3564415 15.166625
1.0160325 9.7319965 2.3460436 12.693385
1.0788152 10.573645 2.0419574 12.1635
0.90196359 2.9853005 2.4250844 15.167749
0.93866533 9.5183573 2.6547797 14.691875
1.0573514 9.6595144 2.6398365 14.690625
0.96663511 11.047356 2.4284711 13.01275
1.0142394 7.9344177 3.1405017 14
0.98778057 8.1739483 3.1181736 14
0.97726595 9.5106373 3.1284132 15
0.97518861 9.6737528 2.9114294 13.308635
1.4852809 -10.518387 -0.47440723 3
1.2522756 -10.097418 -0.48292905 4.1999998
1.4462465 -9.836359 -0.4586584 3.7333333
1.3926662 -9.3711815 -0.52721202 2.4545455
1.465579 -8.9409161 -0.55294693 2.5999999
1.4250901 -8.6361723 -0.54540628 0.625
1.3895385 -8.1548195 -0.56343687 3
1.3451803 -7.9404445 -0.60123664 5
1.3622615 -7.3203325 -0.57648885 2
1.4344565 -6.6501565 -0.60950089 2.8
1.4159844 -6.2470307 -0.60125941 0
1.4087687 -5.819169 -0.63286364 4
1.4269332 -5.3430443 -0.6520676 3.3333333
1.4497352 -4.5077143 -0.66545951 2.25
1.5950868 -4.1295114 -0.67208254 3
1.2888054 -3.7941301 -0.67277789 1.3333334
1.4269918 -3.3885324 -0.67196381 1
1.4307278 -3.0109365 -0.64497501 0.72549015
1.3467216 -2.62233 -0.6906274 0.71428573
1.4791119 -2.2325349 -0.68874615 1.6
1.4239556 -1.8681817 -0.71249008 2
1.4601928 -1.2202172 -0.7160995 3
1.443803 -0.96542221 -0.64268798 3.1363637
1.4640388 -0.56066871 -0.71250099 0
1.346112 -0.1894609 -0.70988613 0
1.4107088 0.16067694 -0.72183663 2.5714285
1.4409393 0.51272202 -0.73032838 2.5
1.4804974 1.352767 -0.72540402 2
1.3324989 1.8160176 -0.5418458 2.3454547
1.5915229 2.0075982 -0.5311265 4
1.2916958 2.9015114 -0.72421807 1
1.4228513 3.4062901 -0.6245023 3.3809526
1.3258557 3.6355398 -0.47027928 4
1.4562125 4.0381026 -0.73308855 4
1.4806699 -10.506152 -0.16757116 5
1.2782637 -10.075582 -0.14610019 5.8571429
1.4478874 -9.9070835 -0.2284898 5.0999999
1.5114288 -3.3434727 -0.13646691 5.8958335
1.4987838 -3.1221981 -0.23270802 4.8400002
1.4655088 -1.8805056 -0.0053674532 7
1.3352722 -1.4058673 -0.014198793 7
1.5018673 -0.88821197 -0.28872621 4.1687503
1.5146331 -0.58287996 -0.21052815 4.3333335
1.5095284 -0.18168221 -0.28323942 3.375
1.3508931 1.8091857 -0.18384652 5.7649999
1.5745759 2.3076491 -0.045504376 7
1.4532398 2.5901635 -0.045386709 7
1.32991 3.5480433 -0.36910027 5
1.4185377 3.9254582 -0.23135877 6
1.5435044 4.0261955 -0.20075738 6
1.5051993 -10.80105 0.13411953 7
1.360652 -10.053879 0.14455107 7.3571434
1.4264544 -9.9011774 0.20914699 7.7496929
1.5900025 -5.2186551 0.036925681 5
1.4865236 -3.3142316 0.23378181 9.5749998
1.5375702 -3.0887108 0.15038714 8.75
1.2103187 -2.0119123 0.0021537244 7
1.4298718 -1.9336154 0.03012877 7
1.407583 -1.3895212 0.22886805 9.1463213
1.3589035 -1.0963844 0.20548837 9.9752903
1.5210481 -0.74630421 0.048671365 8.1183329
1.4205358 1.8395201 0.16964683 8.9922047
1.3853692 2.0216174 0.042236663 8.1177502
1.3425089 2.6413012 0.051194906 8.1215
1.4403799 2.9375288 0.085187837 8.1763744
1.4977809 3.2841125 0.14000598 8.4271498
1.3971763 -10.079174 0.56515485 9.5143747
1.4233015 -9.8877354 0.61530888 10.283517
1.4229126 -3.371948 0.60753351 12.357687
1.5279976 -3.1191587 0.61163414 12.471944
1.2004454 -1.6453118 0.48393226 13.129
1.3808764 -1.3480582 0.46086186 11.560382
1.3618282 -1.1914324 0.42624807 13.023167
1.252489 -10.098076 1.0330697 11.5
1.4420005 -9.8921204 0.98857337 11.986619
1.4067826 -9.9027262 1.3410659 13.49976
1.4944566 9.8294334 1.4016316 11
1.3843191 -9.8568439 1.7967373 14.375448
1.5889606 9.5189829 1.9001755 12.16175
1.4540931 9.8398933 1.8432153 11.416667
1.2756654 10.052196 1.854302 11.333333
1.2350677 10.58847 1.9231619 11.448667
1.3734293 -16.323761 2.068706 11.1055
1.2518853 -9.7802553 2.1916847 14.521625
1.4908078 -9.5603361 2.1723354 15.0875
1.4179811 3.1958282 2.3983347 15.1655
1.5786517 9.5114527 2.31621 13.16175
1.4287386 9.8244896 2.3299775 13.000456
1.219262 10.57142 2.3522873 13.012
1.2861408 -16.324642 2.526314 12.112
1.3275015 -9.7404232 2.4975746 15.053875
1.2250761 3.1278148 2.4634991 15.16675
1.4673547 9.7730551 2.6567981 14.094875
1.4463123 7.9412313 3.1466649 14
1.4413923 8.1631641 3.1212041 14
1.4914987 9.4797621 3.1596768 15.162
1.3938143 9.7964315 2.9993913 13.727273
1.4101826 9.749754 3.2232513 15.08125
1.7621187 -9.7324915 -0.44251746 3.25
1.8064374 -9.3894615 -0.50280619 3.1111112
1.8033645 -8.9903574 -0.52515674 1.5
1.7746418 -8.6005325 -0.56272459 2.5
1.8606385 -8.3029041 -0.55653363 0.71428573
1.8437619 -7.9055448 -0.58044505 4
1.851688 -7.0830841 -0.59419852 3
1.8446093 -6.4743943 -0.60516214 2.8
1.8867917 -5.8898582 -0.60141766 0
1.8785274 -5.3477464 -0.49555281 2.796875
1.884032 -5.0728879 -0.6406287 3.25
1.7429967 -4.1692276 -0.66354078 2
1.9959469 -3.94608 -0.67269266 2
1.7208024 -3.370409 -0.673711 0.5714286
1.8315903 -3.0005672 -0.68372917 0.5
1.7722199 -2.6413908 -0.67985958 1
1.8853703 -2.1882429 -0.68459076 1.875
1.7788298 -1.8540775 -0.68887097 0.66666669
1.8383608 -1.2360481 -0.63075876 1.9111111
1.7712145 -1.0150635 -0.53564441 1.5833334
1.8039789 -0.61692446 -0.55840677 1.8541666
1.7833984 -0.17669116 -0.57129169 2.0333333
1.7970439 0.10392234 -0.64893925 1.5
1.829802 0.95071393 -0.71766037 2
1.7773056 1.3100015 -0.72037381 0.66666669
1.8765959 1.8646384 -0.71974921 0.5
1.7586895 2.2097728 -0.69500172 2.5
1.7729412 3.3321369 -0.49566811 6
1.9600639 4.186975 -0.55172384 5.5
1.6907657 -12.313387 -0.10332382 6
1.7480739 -9.7256517 -0.20858698 5.3421054
1.9043458 -9.508996 -0.12183213 7
1.8019278 -5.6037397 -0.054661736 7
1.9110316 -5.4052196 -0.13344532 3.4252875
1.8494469 -1.7214919 -0.0075636795 7
1.7616814 -1.2928373 -0.30918747 3.1666667
1.6543473 -0.94368839 -0.32216388 2.96875
1.7367816 -0.58493698 -0.19023119 5.0802464
1.8770548 -0.13981579 -0.20992549 5.2304835
1.8314077 0.16446401 -0.20438612 5.2368422
1.9054084 0.6167708 -0.1429345 5.5964184
1.9331732 0.82544112 -0.09032172 6.0833335
1.6097727 1.9823415 -0.1218918 6.5
1.8443191 2.1807041 -0.11229919 6.3000002
1.6020868 3.1173189 -0.059029296 7
1.6181045 3.2842953 -0.062818557 7
1.7227395 3.9981687 -0.29106575 6
1.8205487 4.1045194 -0.24761693 6
1.7551212 -9.7201319 0.19351147 7.6722689
1.9717538 -9.4922199 0.16379347 8
1.8979967 -5.4333181 0.1885536 8.7967081
1.8495144 -5.1031861 0.076252788 6.5271502
1.6500543 -3.0565171 0.33461589 10.5
1.8584068 -1.7923272 0.018975405 7
1.7539734 -1.339563 0.22912887 8.8909769
1.8427804 -0.9950884 0.20986915 9.7176065
1.7898402 -0.67025048 0.091724388 8.5248737
1.9541969 -0.056643452 0.066900887 8.0445004
1.93767 0.023999475 0.092891783 8.3859119
1.9038304 0.63293117 0.11030194 8.4853783
1.8871323 0.82448357 0.053329445 8.131875
1.8596127 3.3942821 0.24651007 8.9968433
1.739957 -9.6910448 0.62772584 10.341463
1.9226179 -9.5237207 0.54385644 9.333333
1.783988 -5.7140841 0.57692909 11.456289
1.8775318 -5.4247584 0.59092087 11.146308
1.8560241 -5.0408573 0.64309734 12.9375
1.6316011 -3.0028572 0.68995094 13.056
1.7973846 -1.3751744 0.4597804 10.717088
1.9646864 -0.8279776 0.45191589 12.404834
1.9337254 3.3513339 0.45744297 9.8603125
1.982403 -16.019829 0.99063748 9.54
1.7548962 -9.7082615 1.0592074 12.20306
1.7343721 -9.5669403 1.0615916 12.428572
1.622658 -5.5026169 1.0537928 13.0965
1.8417503 -5.1761527 0.96533555 12.780194
1.9793903 -16.001829 1.5108982 11.08
1.649362 -9.6687174 1.3096347 12.666667
1.8289407 9.3972206 1.4796172 11.053833
1.6210593 -9.7577419 1.7252642 13.333333
1.9491607 9.1611176 1.7507485 11.688167
1.8241305 9.4754725 1.8225542 11.648723
1.6676623 9.7539558 1.8469843 11.50175
1.8012419 -16.303165 2.3292816 12.084
1.608923 -9.7095146 2.2217751 15
1.9667865 9.1675606 2.1706958 13.533562
1.9139615 9.3412294 2.2789989 12.918208
1.7593462 9.686945 2.3473196 12.479876
1.8987437 -16.020748 2.5013592 12
1.6448435 -10.97965 2.7529738 15.1155
1.613534 -9.6638165 2.5956328 15.1085
1.636115 3.1862683 2.4860156 15.165501
1.789423 3.2849336 2.46433 15.16465
1.9537376 9.1322765 2.6529143 13.876321
1.8328993 9.4328604 2.6517057 14.589946
1.6922445 9.7194004 2.6660669 14.35775
1.7807025 7.9367127 3.1513233 14
1.7942032 8.1807976 3.1314762 14
1.9529647 8.6048775 2.9161539 15.109833
1.912269 9.0491056 2.9962978 15
1.7569481 9.4469757 2.9473753 13.856125
1.615015 9.7781153 2.9321666 13
1.6740049 9.6784534 3.2226994 15
2.0765264 -9.6486883 -0.41168278 6
2.2048256 -9.4761353 -0.47544008 3.2105262
2.2510734 -9.0559864 -0.52116698 2.5
2.1476266 -8.6407766 -0.53328949 1
2.1866474 -8.1717939 -0.56068826 1.25
2.181695 -7.8184147 -0.56008554 3
2.2942886 -6.8532443 -0.58292502 2
2.164489 -6.2707872 -0.60818797 2.2857144
2.3448534 -5.9799552 -0.58630174 1
2.3017745 -5.3544712 -0.53450018 2.8666668
2.1085529 -4.9236932 -0.64185506 3.3333333
2.2950671 -4.704762 -0.50533968 2
2.2456882 -4.1925716 -0.57389313 2.1666667
2.1694613 -3.8366482 -0.66531801 2.25
2.2118719 -3.3717511 -0.66661322 0.46153846
2.2756338 -3.0475459 -0.66520417 1
2.2042594 -2.6438005 -0.68182266 1.3
2.2009084 -2.1877031 -0.67455411 1.0909091
2.2042992 -1.6920072 -0.56251299 1.64
2.170948 -1.3830069 -0.60224366 2.72
2.1154308 -0.92137432 -0.52510655 2.5119045
2.1259108 -0.68420959 -0.61638522 0.83333331
2.3289714 -0.3507967 -0.62892818 2
2.2958577 0.25829512 -0.62522143 0.84285718
2.2209969 0.55614907 -0.59409344 1.6642857
2.181766 1.0106655 -0.71568954 0
2.2149935 1.4366376 -0.7176615 0.2
2.1786695 1.7984623 -0.71390867 1.8333334
2.197036 2.1914556 -0.7124638 1.6666666
2.3176541 2.8792193 -0.65314364 2.75
2.0585706 -9.8066339 -0.23167469 4.7272725
2.2482352 -9.5060987 -0.17861025 5.5479798
2.2116303 -5.8375607 -0.12346679 2.2071769
2.1742189 -5.4083729 -0.13632649 4.0216665
2.2234621 -5.0067225 -0.083882764 5.25
2.3053749 -4.7033386 -0.22054873 3.1962965
2.2469571 -4.1471615 -0.15480673 4.6581197
2.1931398 -1.6581427 -0.22089474 4.8988099
2.282258 -1.370667 -0.022746883 7
2.2405231 -0.96265066 -0.29329669 4.916667
2.2362137 -0.48058638 -0.041976549 6.5833335
2.0476403 -0.29684952 -0.16594853 5.6391144
2.1996415 0.2985737 -0.14876361 5.5014877
2.1799493 0.50318837 -0.21345484 5.3591795
2.2488029 4.6908689 -0.28999341 6
2.2539346 -15.926923 0.10988054 7
2.0719466 -9.7661324 0.18333651 7.5151515
2.2406442 -9.5032654 0.20707166 7.7777777
2.3421757 -6.0079932 0.0063122585 5
2.2825518 -5.7734518 0.059613805 6
2.1552944 -5.3920031 0.27262464 9.6479578
2.2281787 -5.0752759 0.21339105 8.5787849
2.1711297 -4.7123146 0.10832465 8.0342779
2.2212236 -4.0979056 0.15131006 8.1640539
2.3224285 -3.9598534 0.23523271 8.7679167
2.1062677 -1.3369918 0.21693888 8.7109032
2.2357149 -1.0413654 0.23908512 9.1543512
2.2894504 -0.66673034 0.30205712 9.6770077
2.0982344 -0.18511525 0.090305351 8.314785
2.303664 0.2708042 0.1767527 8.9296923
2.1835172 0.54430842 0.13041399 8.547576
2.0590155 0.81063771 0.12039014 8.6555004
2.1255982 3.4741142 0.28274709 9.1214094
2.3174798 3.6653225 0.12823863 8.2095556
2.3569329 4.4981122 0.33252025 9.1193323
2.0345125 -16.016973 0.47255483 8
2.2538376 -15.912477 0.58637643 8.375
2.0705452 -9.7685995 0.60419613 10.185185
2.2457545 -9.482235 0.63324004 10.238964
2.1895869 -5.6873565 0.65377331 11.768167
2.1512325 -5.3889785 0.65259123 12.564317
2.3186479 -5.0938954 0.53286523 12.216334
2.0369096 -1.3331467 0.46038666 10.555301
2.1534379 -0.74857324 0.46662274 11.590362
2.363766 0.34352395 0.49953216 11.617
2.387414 0.42140269 0.46335226 12.095
2.2404687 3.4866629 0.46144697 9.9646254
2.2539587 4.5006313 0.43231374 9.6381245
2.024518 9.1082287 0.70194757 9
2.218503 -15.91969 0.98181903 9.5
2.0666597 -9.7445135 1.0412637 12.564516
2.236923 -9.4736233 1.0140351 11.923077
2.1457536 -5.3633819 0.98868465 12.908639
2.2386105 -5.1228337 1.0519429 13.0765
2.346864 8.1727915 0.98708785 10.159
2.2468925 -15.890683 1.5081751 11
2.0632854 -9.8166924 1.2748157 14
2.2475886 -9.497488 1.2308781 13.5
2.3317273 8.7609901 1.430104 12.1275
2.0674496 9.1072226 1.3681984 10.6
2.2107139 -15.878316 1.8591114 12
2.3137217 8.1197777 1.7267237 12.159
2.2653294 8.624321 1.7040958 12.568001
2.0522025 9.0977001 1.7876058 11.728091
2.3539112 10.179701 1.8713948 11.066
2.1833982 -15.903366 2.1576846 12.842687
2.2963557 4.0021873 2.3271992 14
2.3992722 8.2481117 2.0836051 14
2.1014717 9.1339207 2.2514517 13.143106
2.0185933 9.2086029 2.2775562 12
2.3041737 10.166283 2.0404313 12.1605
2.2213044 -15.874438 2.5534196 13.428572
2.121944 -11.945189 2.6438708 14.116
2.1501486 -11.033029 2.6106679 15.088
2.0810232 3.3751442 2.4640017 15.163501
2.3230972 3.6285815 2.6193292 15.1635
2.384727 7.9897966 2.6299782 13
2.2871656 8.2330065 2.6555409 13.546204
2.152081 8.4590149 2.6831725 13
2.0541329 9.04883 2.6605105 14.000218
2.3527985 10.198122 2.4432344 12.290125
2.1710844 -15.87267 2.9571819 14.778913
2.1276126 7.9536061 3.0488799 14.386416
2.2972281 8.1419649 3.135951 14
2.0451295 8.8976011 2.895745 13.666667
2.3045802 10.234644 2.95611 14.1605
2.2371409 -15.797266 3.5383112 14
2.5785627 -9.6000967 -0.45601797 3
2.5970547 -9.3882666 -0.46127853 3.1363637
2.6129873 -9.0053558 -0.50185031 2.3333333
2.456811 -8.5598555 -0.54253852 2
2.5822043 -8.2071915 -0.55134833 1.3
2.6806543 -7.7799258 -0.55308133 0
2.5945742 -7.5640531 -0.55909616 3
2.5783398 -6.4975944 -0.55334216 2.5999999
2.5704894 -6.3419666 -0.54803485 2
2.7470641 -5.8054347 -0.57956189 4.5
2.4769249 -5.3698783 -0.54404342 2.5
2.4472179 -4.9429827 -0.52835238 0.58333337
2.4654334 -4.5786738 -0.5319531 2.2222223
2.5417829 -4.1812606 -0.54193348 0.74509805
2.6776741 -3.7656038 -0.55850977 1
2.6549518 -3.489234 -0.61528975 0.5138889
2.5980289 -3.0141842 -0.66385251 1.0714285
2.6273341 -2.5616519 -0.67158121 1.4285715
2.6697767 -2.2396438 -0.67724037 1.7142857
2.4625983 -1.7025042 -0.5352394 2.5
2.6243384 -1.5196605 -0.6345495 3.0625
2.7466159 -0.82935071 -0.4450233 3
2.7031786 -0.62947029 -0.45865148 4.2962961
2.6812124 -0.21710166 -0.67788118 1.5
2.5083549 0.17482597 -0.56060535 2
2.4777837 0.78225583 -0.67932773 1
2.5585201 1.02803 -0.70817214 0.83333331
2.5887921 1.4231321 -0.71051294 1.7142857
2.5670726 1.7532866 -0.7113539 1.6
2.4923778 2.1058316 -0.71620005 2
2.5545685 2.6281166 -0.72985888 3
2.6065004 3.0141659 -0.73298681 4.1428571
2.622148 3.2037764 -0.62506413 5
2.4961565 4.675889 -0.44504845 6
2.5658002 5.7126722 -0.74368691 4
2.7036123 -15.631251 -0.15193948 7
2.5698681 -9.6474409 -0.22906621 5.0294118
2.6375437 -9.3727722 -0.20998074 5.2708335
2.7171328 -9.1933651 -0.24797301 4.25
2.6823392 -6.4554672 -0.28299111 0.60000002
2.47452 -6.3306398 -0.29892069 1.6
2.4834456 -5.2826767 -0.1946937 3.8666666
2.4362597 -4.9421597 -0.23243621 3.2222223
2.4469681 -4.60496 -0.25882655 3.22
2.5059628 -4.1701674 -0.19661474 3.875
2.5807512 -3.8993409 -0.19778623 4.8333335
2.6534629 -1.4293553 -0.21345399 5.2222223
2.6659398 -0.72754931 -0.047497891 7
2.773385 -0.098694801 -0.17475793 6
2.6001823 0.093632415 -0.22068483 6
2.576735 -9.6446199 0.17092055 7.3947368
2.625545 -9.3802357 0.19250286 7.6595669
2.7122242 -9.185463 0.15376659 7.1999998
2.5202975 -5.7117367 0.11643382 7.108315
2.5163989 -5.2953315 0.18259397 8.3122005
2.5954633 -4.9828262 0.30788013 9.0954771
2.652468 -4.6461029 0.14071298 8.1096249
2.4634795 -3.9550583 0.20413925 8.732585
2.6476343 -1.6538644 0.022268254 7
2.4539311 -1.3969042 0.19522566 8.4018755
2.647572 -1.0247109 0.23748486 8.7570562
2.4692025 -0.59645307 0.26827651 10.000913
2.655251 -0.31444946 0.11011888 8.1549997
2.5580952 0.23368761 0.26507181 10.120375
2.4884384 0.52026033 0.27084884 9.8066664
2.605304 3.1790719 0.10064811 8.1724997
2.5412638 3.276181 0.15238751 8.4894171
2.5987902 3.8042173 0.26893327 8.8548536
2.4012909 4.4921913 0.32998812 9.1739998
2.5877674 -9.6579504 0.58715504 9.863636
2.607486 -9.4046621 0.61215252 10.248227
2.7196479 -9.1786385 0.73427737 11.25
2.7842479 -5.7076759 0.45220014 11.7297
2.4363778 -5.2196841 0.48634076 13.133675
2.7024302 -4.9481187 0.50017905 10.1175
2.7065721 -3.2060266 0.44083267 10.1405
2.7080975 -3.1275644 0.43769535 10.141
2.6420932 -1.0514058 0.50012738 10.638779
2.4665053 -0.61515409 0.48620567 12.083
2.5045891 0.19539656 0.60926503 10.792501
2.5310822 0.76918793 0.51943952 10.153
2.6168447 3.8861644 0.44030824 9.4779167
2.7673919 7.0698133 0.62621969 9.666667
2.7091141 7.2944179 0.69303507 10
2.462728 8.2782497 0.65777093 9
2.5853469 -9.6503544 0.9953118 11.909091
2.6148338 -9.3900356 1.0470681 12.240566
2.7054603 -9.1784115 0.99546796 11.4
2.4695847 -5.3521676 0.99099433 13.101
2.529788 0.18676519 0.84516728 11.160749
2.733253 7.1265807 1.0122552 10.9
2.7040091 7.3397698 1.0076258 10.793166
2.495681 8.2572126 1.1309462 10
2.5131907 -9.6036549 1.2053812 11
2.6191838 -9.4589949 1.2362858 14
2.6709433 -9.1879482 1.2992942 13
2.7525229 7.088273 1.4694149 11.898844
2.7025387 7.2780814 1.3550422 12.000151
2.6971598 7.7916007 1.5940042 13.1255
2.5108604 8.2072363 1.3838034 11.571428
2.495708 10.220152 1.2941198 10
2.7540815 7.0998592 1.926793 13.091371
2.6799469 7.2821856 1.7994138 13.643072
2.6369846 7.7945404 1.658824 11.90661
2.4998069 8.1849279 1.7001233 12.012481
2.4285223 8.4172297 1.6941016 13.127
2.4901361 10.236938 1.8623261 11
2.6556768 -15.866062 2.3070705 12.085751
2.6379483 3.9490652 2.3298321 14
2.7491553 7.0934601 2.1597555 14.120636
2.6734188 7.2898607 2.1547093 14.800299
2.4902844 8.2545061 2.1802578 12.85
2.4425983 10.143508 2.3459113 13.009
2.6042917 -15.689512 2.4820323 12.11475
2.4222169 3.4375947 2.4943876 15.162501
2.6042051 3.7661366 2.6350281 15.053916
2.7652032 7.0767679 2.5332823 13.979556
2.6259561 7.4416275 2.5843985 14.0835
2.5448763 7.8910294 2.6545591 13.441457
2.5004351 8.2127705 2.5856183 14.5
2.5167542 10.193379 2.4584682 13.02225
2.7941215 7.1917586 2.9598105 14.162999
2.5220704 7.7523422 3.0397692 14.313167
2.5363774 10.215491 2.8756924 14.785625
2.77912 -15.653038 3.4385309 14.528749
2.8489287 -15.652708 -0.40038663 6
2.9888453 -9.2937937 -0.44602793 3.4000001
3.0307169 -8.9678707 -0.51386529 2.8181818
3.064563 -8.6157408 -0.52467006 1.75
2.9536645 -8.1895285 -0.53994799 0.81818181
3.076345 -7.9271464 -0.56550467 2.5
3.0037873 -7.3769088 -0.56288248 1.2
3.1819513 -6.2237668 -0.48279822 0
3.0349154 -5.7807555 -0.60132182 3.2
2.8311126 -5.2823229 -0.59368992 1
3.0507343 -4.6842918 -0.59882927 1
3.0678422 -4.2590222 -0.62628061 2.25
3.0329199 -3.8903346 -0.60531098 1.2777778
3.0177402 -3.4417317 -0.62364227 1.8333334
2.9266417 -3.0479627 -0.65498406 1.75
3.0321083 -2.5911152 -0.66251522 1.6666666
2.8708358 -2.3148746 -0.6832847 2
3.0017014 -1.7612079 -0.64275151 2.8
2.9309604 -1.4324992 -0.68130511 2.5999999
3.0132217 -0.93924171 -0.6003384 4
2.9419744 -0.68940276 -0.59167957 4
2.9068732 0.19178018 -0.5818693 2
2.9759238 0.56180567 -0.66780323 2.0833333
2.9286547 1.0274711 -0.696895 1.75
2.9977298 1.3549712 -0.70591199 2
3.1201549 1.8611388 -0.70415926 2
2.8854058 2.2529678 -0.71228784 2
3.1915228 2.621594 -0.71383584 3
2.9805279 2.9603183 -0.72068501 4
3.0063643 3.3366876 -0.62120998 3.5
3.0733626 4.893219 -0.46100897 6
2.8172195 6.3176117 -0.601614 5
3.0151324 -15.578446 -0.084154822 7
3.0317466 -9.3414154 -0.20888099 5.2285714
3.1540079 -9.072691 -0.22542343 5.875
2.9954758 -6.4659638 -0.073087096 4.3541665
2.9805117 -6.2022376 -0.12018158 3.9912279
2.9425321 -5.9648733 -0.17986599 2.5
3.1093853 -4.1636429 -0.20656103 5.75
2.948518 -3.762275 -0.15404245 5.2599998
2.9878156 -3.54792 -0.23614517 5.1282048
2.9045873 -3.0696566 -0.28507543 5
2.9376354 -1.7742898 -0.12826709 6.1372547
3.0207455 -1.3921686 -0.21460125 5.5
3.1503732 -0.95977324 -0.34791529 4.5
3.146374 -0.050200105 -0.23746149 5.6666665
2.9209003 0.17012267 -0.2801334 5.75
3.1258709 3.05621 -0.17447545 6.2857141
3.058629 3.3881586 -0.2380143 6
2.9913719 3.7360017 -0.36327615 6
2.8903124 -15.757659 0.014915787 7
3.0276361 -9.3165855 0.18974189 7.5749998
3.1469555 -9.1152334 0.22577415 7.75
3.0159931 -6.5444679 0.2296221 8.5977602
2.9580948 -6.2173405 0.091408588 6.5340004
2.9337106 -5.8394022 0.22686864 8.7217436
3.016561 -4.9429259 0.29019514 9.1579266
3.0864875 -4.0820293 0.22020905 8.6852007
2.9606743 -3.8323257 0.20501831 8.479599
2.96104 -3.5763659 0.15890659 8.0958891
2.9557083 -1.7955374 0.21960078 8.5088549
2.9299409 -0.96271271 0.2973991 9.0746775
3.0302973 -0.61695683 0.22046903 9.0785646
2.9766409 0.37665224 0.3800095 9.158
2.8596492 0.55163997 0.34780866 10.1416
2.8046141 0.80707538 0.29111835 9.1680002
3.094672 3.0061507 0.13494986 8.0781813
2.9073465 3.3706374 0.092466399 8.1432495
2.8454177 3.8176315 0.29880771 8.9426661
3.0941367 6.7011299 0.17925644 8.0039997
3.0417225 6.9149289 0.23916592 8
2.9092791 -15.742453 0.43849671 8
3.0146956 -15.57592 0.42534918 8
3.0229642 -9.3166504 0.59699142 9.969697
3.150218 -9.0649242 0.61164403 9.7777777
3.0265572 -6.6249294 0.41679579 9.6012497
2.9432225 -5.8005404 0.52760983 12.236856
3.0082989 -4.8828912 0.50243646 11
2.9173946 -3.2158108 0.61249423 11.141
2.8034275 -1.0279069 0.50775957 10.1565
3.0888407 -0.50346971 0.45748112 11.144
2.9033852 0.43049288 0.40624219 9.1595001
2.8763161 3.7734988 0.48776823 10.1715
3.1225474 6.3212495 0.61694402 9.5629377
3.0002022 6.5772963 0.58638358 9.5259485
2.8569407 6.9190526 0.56054938 9.2654381
2.9005718 7.3911715 0.41437379 9.1242504
2.8624165 -15.735074 0.86118633 9
3.0061712 -15.554646 0.93436277 9
3.0299406 -9.2976017 1.0114609 12.142858
3.1546056 -9.0587921 1.0646368 11.866667
3.1496596 6.2378607 0.99346983 10.999999
2.9910893 6.5924077 0.98352826 10.851423
2.8440301 6.943222 0.94634664 10.446214
2.8615103 -15.737082 1.2868613 10
3.005157 -15.559348 1.4466343 10
3.0623138 -9.3435535 1.2439367 12.8
3.1297281 6.2751245 1.4381129 12.155073
2.9626601 6.6476593 1.4347606 11.840694
2.8811359 6.8471003 1.4048243 12.114208
2.8755805 -15.710993 1.712606 11
2.9963408 -15.537182 1.9589853 11
3.1262517 6.2897105 1.8604931 13.4543
2.9703095 6.6306863 1.8312321 13.440945
2.8270438 6.9654865 1.7928411 13.111112
2.8035586 7.3034935 1.6378039 12
2.8069468 7.6300607 1.6925931 13.178
2.8964472 -15.719288 2.2229304 12
3.0097511 3.9530447 2.3503172 14.053833
2.9084752 4.1785626 2.3265059 14.1615
3.1180592 6.2984762 2.2065008 14.203167
2.9791303 6.5850024 2.1002343 14.571428
2.8672044 6.8356872 2.1705093 14.333333
2.8873117 -15.683415 2.574475 13
3.1314495 -15.526397 2.5753567 12.532666
2.9951043 -14.007338 2.7066197 13.1165
3.0003495 3.9435675 2.7063208 15.073205
3.1249111 6.2708235 2.513432 15
2.9584987 6.6498971 2.4441562 13.979278
2.8830197 6.8174791 2.6140509 15
2.8826909 -15.659687 2.904902 13.5
3.0714211 -15.498915 2.9940758 13.4
2.9676056 6.8092084 2.8856938 14.162501
2.9128621 -15.67351 3.3263803 14
3.0550575 -15.535629 3.4720771 14.705167
2.8106799 -13.818741 3.6070027 15.11625
3.3668389 -9.0004511 -0.48250845 2.6923077
3.369498 -8.6250343 -0.53732115 2.8
3.4534299 -8.2921276 -0.53798085 2.4285715
3.356977 -7.7424364 -0.54817152 0.60000002
3.5099177 -7.3775511 -0.55482799 0
3.3133061 -7.0180564 -0.57205361 0
3.4339676 -6.194797 -0.51827401 0.83333331
3.4594078 -5.4089789 -0.53725719 3.8571429
3.3638959 -4.9539514 -0.54529083 2.4285715
3.3097522 -4.7344236 -0.50202739 5
3.4461837 -3.8366699 -0.57778347 4
3.385685 -3.4156795 -0.63864225 1.7142857
3.3842704 -3.0240071 -0.65440804 2.6666667
3.3890622 -2.6910317 -0.65099502 2.4444444
3.4537821 -2.2568345 -0.63962603 2
3.3587976 -1.8267282 -0.66993958 2.7142856
3.3756602 -1.4499998 -0.52473181 3.5833333
3.4036095 -0.99356478 -0.54795867 3.3
3.4579613 -0.74726772 -0.42087135 4
3.4935117 -0.28155079 -0.63766205 3.8
3.3537457 0.36451244 -0.4014338 5
3.4683528 0.57295078 -0.62807041 3.5
3.4405706 1.0015596 -0.6925385 2
3.3236854 1.3747263 -0.69414526 2
3.2205994 1.6084821 -0.70091671 2
3.5013192 2.2312958 -0.69784397 3.3333333
3.3856966 2.5872998 -0.6864934 3.75
3.3823974 3.0120673 -0.60430372 3.8
3.4886246 3.3966577 -0.58295727 4.5
3.4823561 3.8064048 -0.61969393 4.25
3.5505459 4.1318951 -0.62434608 4.5
3.392632 -9.0393705 -0.23542821 5.0990987
3.4933708 -6.4489226 -0.044064533 6.0999999
3.3293438 -6.3097396 -0.244716 3
3.5318711 -5.4263215 -0.15697145 6.0833335
3.4285145 -4.850719 -0.20536581 4.1904764
3.306179 -4.6363864 -0.17318806 5
3.357795 -4.2858419 -0.1757167 5
3.4083369 -3.4684718 -0.22979011 6
3.2211463 -1.6321121 -0.16591461 6
3.5397975 -1.3550445 -0.33645806 5
3.333323 -1.0037919 -0.2702871 5.166667
3.4166884 -0.62513018 -0.12143672 6.25
3.3796175 -0.13568078 -0.18783092 6.1666665
3.5025814 0.2334342 -0.29973504 6
3.3165135 3.0316005 -0.17498758 6.3076925
3.3694074 -9.0117512 0.19694301 7.6406589
3.2175367 -6.5517035 0.37676719 9.0994997
3.4390445 -5.1360831 0.18540433 8.1339998
3.401849 -4.6325588 0.26592305 8.7664375
3.244745 -1.7098867 0.33931583 9.8044996
3.2569292 -1.077754 0.15778041 8.1427498
3.3019848 -0.43117324 0.26186472 9.0918331
3.4786847 -0.30059162 0.34370032 9.8468199
3.2979736 2.9756005 0.21032937 8.625042
3.3495357 -8.9911928 0.61437058 10.263158
3.5365198 -4.661859 0.50212902 10.443929
3.2173212 -0.42413989 0.44958946 10.8825
3.4107592 -0.33672822 0.46306232 10.969438
3.595295 5.5313406 0.76831365 10
3.2476459 6.0547791 0.7360729 10
3.3951368 -8.9984579 0.99987113 12.009009
3.5193973 5.4975462 1.016229 11.379
3.3576229 5.7817035 1.0357337 11.330844
3.2314203 6.0655055 1.0035824 11.374429
3.3956008 -9.0269346 1.2077041 12.875
3.4895768 5.5421376 1.3934094 12.270715
3.367537 5.7498627 1.4183137 11.830025
3.2298355 6.0535393 1.4454123 12.513187
3.5291471 5.5601425 1.8063551 13.346154
3.3887949 5.7454643 1.811273 13.429648
3.2317839 6.0585165 1.8309057 13.622833
3.2083223 -15.537138 2.2907619 12.087
3.5478115 2.7230828 2.3944786 15.1585
3.3132641 4.0892239 2.3304358 14.160249
3.5134277 5.5238519 2.2486618 14.142858
3.4025273 5.7413263 2.2532792 13.440351
3.2459192 6.0465274 2.2607613 13.371124
3.4886501 -15.367136 2.5714841 12.6
3.4858136 4.1165624 2.6418302 14.8601
3.3128674 5.8514271 2.4409511 15
3.2168133 6.0677595 2.4777803 15
3.385987 -15.37975 2.9872532 13.666667
3.5181413 4.1654878 2.819319 15.1605
3.4023321 -15.383189 3.4411914 14.571428
3.5103657 -14.255849 3.5624645 15.0885
3.5201745 -12.321091 3.294044 15.119
3.3375449 -13.617971 3.6069102 15.1175
3.6454971 -9.0089741 -0.44105512 3
3.796586 -8.6743555 -0.49489388 3.0769231
3.7590797 -8.1756697 -0.53715456 2.4000001
3.7487712 -7.8524895 -0.53589392 1
3.7351918 -7.4220676 -0.55321854 1
3.7373843 -7.0590668 -0.56392509 0.42857143
3.8655331 -6.1452117 -0.58527076 2.2
3.942543 -5.8526473 -0.61404729 5
3.7540276 -4.8792319 -0.55685496 2
3.8046436 -4.603868 -0.60906214 2.6666667
3.7258635 -4.1978397 -0.59813249 2
3.7365828 -3.8219345 -0.61107904 2.6666667
3.783762 -3.3720188 -0.60535425 2.6666667
3.6441658 -3.0317664 -0.64440644 2
3.6491146 -2.5280244 -0.66339731 3
3.8346658 -2.1434402 -0.58715367 3.5
3.8766205 -1.9536102 -0.53703904 3.5999999
3.8792827 -1.3884776 -0.61289406 3.4285715
3.768949 -0.60968065 -0.44983965 4
3.7487037 0.51310176 -0.52749896 4.6666665
3.8936384 1.4987206 -0.68568259 3
3.8284569 1.8341606 -0.68483448 3.4000001
3.8047459 2.2004547 -0.68889695 3.5999999
3.6747272 2.5403225 -0.69675398 3
3.9547539 3.0642891 -0.63004184 4
3.8990924 3.2966447 -0.59453756 4.4000001
3.8042088 3.7609093 -0.5459742 5
3.6786113 4.1843748 -0.62065661 4.5
3.6463363 -15.397296 -0.21268365 7
3.6296563 -9.024991 -0.22324875 5.2600002
3.8157406 -8.7507734 -0.2339173 5.109375
3.7135136 -5.3872185 -0.18747522 5.875
3.9083247 -3.6144524 -0.23740628 6
3.9937983 -3.4515507 -0.18274161 6.5
3.940594 -2.5180192 -0.36849961 5
3.8710771 -2.1196723 -0.31364167 4.8000002
3.9659097 -0.91142309 -0.19262543 6
3.8560131 -0.60374933 -0.20704299 5.75
3.747926 -0.29142097 -0.14729723 6.2857141
3.9158669 1.902613 -0.34500343 5
3.8846889 4.3546972 -0.069036447 7
3.8244426 4.5497189 -0.060988393 7
3.6397369 -15.387211 0.28538737 8
3.635211 -9.005456 0.20169035 7.6190572
3.8271735 -8.7358437 0.19965462 7.6583223
3.6292067 -5.4376121 0.0022426955 7
3.7731602 -5.0118265 0.31599402 9.2578096
3.7833426 -4.6839986 0.29910919 8.9007778
3.8391445 -0.14876376 0.20678835 8.4899168
3.9152043 0.18258567 0.2309593 8.5423746
3.9375985 4.3268447 0.21842486 8.25
3.8490853 4.4985237 0.22102456 8.1999998
3.7050412 5.3240347 0.38399845 9
3.6276143 -15.36861 0.7827782 9
3.6252556 -9.0174284 0.62933207 10.225
3.8155198 -8.7247925 0.60132545 10.14211
3.9376919 -5.3076134 0.61349583 10.231
3.7564425 -4.7473879 0.4028579 10.136101
3.7260728 -0.073084667 0.44005981 10.386188
3.8337028 0.13066627 0.48907438 10.280749
3.932116 4.3219514 0.59345138 9.8424244
3.8191726 4.5724392 0.60196936 9.7474766
3.8716826 5.0150647 0.76222563 10.5
3.6952703 5.3853707 0.69214982 10.263637
3.6171815 -9.0179844 1.0397331 12.394737
3.804477 -8.7214136 0.98840296 12.188172
3.925406 4.3320341 0.93818206 10.85
3.8106179 4.5665932 0.97369421 11.303054
3.8632097 5.0174165 0.99912328 11.207562
3.6939228 5.3953943 1.0173235 11.298632
3.644475 5.6049595 1.169969 12
3.6219738 -15.368939 1.28242 10
3.6411054 -8.9744349 1.2501922 13.754001
3.8477855 -8.7254925 1.2218519 13.8125
3.8659635 3.2781301 1.333445 12.153
3.9156027 4.3426261 1.3690845 12.128787
3.8099859 4.5553479 1.4161789 12.92696
3.8818419 4.9690986 1.3706714 12.639874
3.6935444 5.4003272 1.3836997 12.271263
3.6440055 5.6102824 1.4204956 13
3.6421888 -15.335048 1.7826986 11
3.924767 4.3223839 1.7391856 13.235294
3.8320355 4.51759 1.7214639 13.304277
3.8504272 5.0307493 1.7673044 13.564975
3.6859601 5.4116764 1.7751666 13.499503
3.6493058 5.603303 1.6825855 13
3.6680729 -15.31427 2.287991 12
3.9082606 -15.195612 2.2873857 12
3.8908727 4.333859 2.1267607 13.892921
3.8463559 4.4811149 2.1030033 13.444445
3.8655806 5.0118885 2.1841049 14.184813
3.6933904 5.3661952 2.216269 13.414357
3.7270105 -15.266572 2.5926571 12.75
3.9650052 -15.146207 2.6250672 13
3.6966839 2.5119386 2.4333544 15.158751
3.8907037 4.2895632 2.4136326 14.034071
3.6742432 -15.243184 2.9790285 13.666667
3.9535227 -15.123242 2.9763458 13.666667
3.8399153 4.2857022 2.8722999 15.15975
3.7022238 -15.249677 3.3818681 14.666667
3.8842807 -15.132127 3.4614575 14.5
3.7478626 -14.237571 3.5844123 15.089
3.758604 -13.45819 3.6112342 15.1185
4.1274743 -8.8382149 -0.46276611 3
4.3985991 -8.6835079 -0.52017069 3
4.2905426 -8.1441813 -0.53309935 2
4.0965643 -7.8172078 -0.54930276 2
4.2695022 -7.3462963 -0.5543434 1.75
4.2157483 -6.8755627 -0.57273555 2.3333333
4.121942 -6.5234299 -0.57216042 1
4.1647825 -6.2315812 -0.57817405 1
4.2059741 -5.9156795 -0.57546753 2
4.1349964 -5.2088165 -0.57851267 5
4.3240066 -4.1302738 -0.54265374 3.6666667
4.2891531 -3.8490095 -0.61368716 4
4.1707273 -3.4960957 -0.59248316 4.25
4.2644835 -3.0201035 -0.54579043 4.5
4.1356549 -2.5339136 -0.42091131 5
4.236527 -2.2053504 -0.61200631 3
4.056766 -1.780158 -0.62016416 3
4.2671785 -0.95377004 -0.5531379 4.375
4.1169119 -0.12333292 -0.54591447 4.1666665
4.225306 0.0016884804 -0.61869758 4
4.0463104 0.88273972 -0.68486559 3
4.1283302 1.3810904 -0.67562795 3
4.1662698 1.7329037 -0.59409863 3.7142856
4.1700935 2.1951342 -0.64660317 3.5
4.2383833 2.5660632 -0.59688568 4.1666665
4.2589216 3.0520487 -0.48643675 4.8000002
4.1067867 3.435257 -0.54909402 4.6666665
4.1226296 3.7899745 -0.65262216 4
4.1072626 -8.8463421 -0.23996097 4.8809524
4.0033436 -8.796072 -0.039544873 6
4.1563258 -5.3423171 -0.091137998 6
4.3061991 -4.0049772 -0.30411005 6
4.1504741 -3.386483 -0.23444133 6
4.1440616 -3.1717441 -0.18018097 6.5
4.1303415 -2.4967752 -0.27174029 5
4.028162 -2.353703 -0.35916683 5
4.2536907 -1.2766974 -0.20068938 6
4.2405925 -1.0216635 -0.21575473 6
4.2369246 -0.74032712 -0.18294507 6
4.1444225 -0.042199135 -0.064878218 7
4.3192668 3.0713246 -0.19070461 6.4120369
4.2656865 3.3262329 -0.13901499 6.5925922
4.1065836 -8.830699 0.19264384 7.5467834
4.2588491 -5.338726 0.23269571 8.3682642
4.0626597 -4.4737415 0.38648647 9.4516106
4.3257847 -4.2584114 0.26495883 8.6169176
4.2627854 -1.163583 0.0069952384 7
4.2611094 -0.56956863 0.25453585 8.5382862
4.244442 -0.14098063 0.17581843 8.1526003
4.1686406 0.33975565 0.25027007 9.11975
4.2363043 0.55163175 0.37595165 9.149375
4.3475604 2.6676233 0.23560365 8.5830631
4.3339777 2.9970136 0.19032307 8.3231249
4.3036904 3.3856618 0.24515299 8.4650002
4.3855352 3.794848 0.30685702 8.5
4.1404238 4.2515597 0.2599276 8.6341
4.1088414 -8.8253775 0.5915556 9.9226742
4.0218363 -8.7929392 0.61551428 10.5
4.2545466 -5.3884606 0.54584038 10.866505
4.2950134 -5.097486 0.52409989 10.61694
4.3295088 -0.587704 0.46246737 10.1465
4.2458968 0.34625068 0.46209392 10.380542
4.299562 0.51395392 0.46150357 10.150625
4.3719983 2.5317514 0.43886346 10
4.3270164 2.990289 0.45831847 9.7150002
4.2824969 3.3166173 0.43150669 9
4.3575773 3.8756855 0.59677792 9.7857141
4.1831274 4.2506289 0.60629314 9.8571424
4.099926 -8.8147144 0.97360837 12.047619
4.0500126 -8.7969847 1.1715678 12.857142
4.3459144 -5.7092175 0.96301639 12.611
4.1351094 -5.2766156 0.85950404 12.456917
4.3565021 3.9017994 1.0072331 10.93077
4.1922269 4.2313728 0.95681918 10.885015
4.1329532 4.4065118 0.84626275 11
4.1190572 -8.8266354 1.283945 14
4.0188112 -8.7612553 1.3067975 14
4.3901134 3.5401058 1.5062248 13.75
4.3529143 3.8837476 1.386387 12.206667
4.1590185 4.2718787 1.3544914 12.026092
4.1231284 4.4076805 1.5276182 14
4.3774748 3.5695724 1.9033231 13.428572
4.3636265 3.8929393 1.8154446 12.970589
4.1869187 4.2447114 1.7281493 13.057015
4.1435738 4.4018412 1.854448 14
4.1681347 -15.063256 2.2871244 12
4.3847113 3.536459 2.2519476 14.4375
4.361279 3.8610439 2.2192905 14
4.174294 4.2633848 2.090009 13.423775
4.1450982 4.4115372 2.148967 15
4.1775351 -15.041594 2.5637922 12.6
4.3840184 3.5553582 2.661577 15
4.3644047 3.8147669 2.6703472 14.875
4.2196445 4.1633148 2.5622926 14.5
4.1312714 4.4164224 2.5141599 14
4.1717372 -15.024909 2.974426 13.666667
4.1778502 -14.987208 3.3658676 14.333333
4.2441401 -14.020452 3.303319 14.119
4.073225 -14.159819 3.6033592 15.08975
4.2860084 -13.258266 3.6232255 15.11975
4.6760788 -8.9342146 -0.50408012 3
4.5621071 -8.5156002 -0.52603513 3
4.7024508 -8.3281107 -0.52947086 3
4.5185194 -7.735198 -0.53964883 2
4.5895371 -7.4976182 -0.55875516 3
4.6127777 -7.0379457 -0.5606302 2
4.6629581 -6.4885116 -0.57875383 2
4.7017136 -6.2772193 -0.58338934 2
4.4101009 -5.1997142 -0.45693618 5
4.522305 -4.4985037 -0.58395296 3
4.5742121 -3.7633724 -0.51722038 4
4.5645213 -3.3335438 -0.57104737 4.3333335
4.5927105 -3.0258317 -0.58523327 3.5999999
4.4912782 -2.6065097 -0.61642635 3.5
4.6558695 -2.1090279 -0.61029994 4
4.4944205 -1.9147526 -0.42394528 5
4.567626 -1.1417015 -0.552679 4
4.7319031 2.0055244 -0.44609272 5
4.6316476 2.5536838 -0.60403568 4.5
4.6170683 -4.3853383 -0.20699748 5
4.465929 -3.8696189 -0.26213825 6
4.5405807 -3.4007683 -0.22419831 6
4.5186219 -3.0021608 -0.23014675 6
4.5122647 -1.7380652 -0.33128065 5
4.6431441 -1.5427334 -0.38850349 5
4.4091344 -1.1152892 -0.1736933 6
4.4163342 1.9615222 -0.2493979 6
4.5159478 2.6746383 -0.15421608 6.5
4.6845622 3.0637958 -0.18868056 6.4333329
4.5170364 3.3714135 -0.054982942 7
4.4407444 3.7473667 -0.1512316 6.6666665
4.5113974 -4.0360289 0.24591151 8.4460001
4.5332408 -3.8035958 0.17601757 8.1137505
4.4687824 -0.10598841 0.25881284 8.5476999
4.4986339 1.8242396 0.18194486 8.1680002
4.549964 2.3038716 0.24346928 8.6192875
4.4488993 2.5733166 0.24186385 8.5841999
4.5443301 3.051569 0.24723145 8.5324478
4.5606871 3.4002852 0.22972946 8.3290005
4.4673243 3.6998074 0.17233795 8.1111107
4.6036272 -4.2309933 0.43953982 9.1397495
4.4764209 2.295876 0.43691885 10
4.5831003 2.7462077 0.59344012 10
4.6267986 3.008275 0.6202935 10.205046
4.5179949 3.4258049 0.62790859 10.14
4.4496508 3.7035754 0.54239726 9.560607
4.7193403 2.7363918 1.1227357 11.5
4.6901731 2.9630837 0.99851149 10.915942
4.5071034 3.4217393 1.016072 11.346154
4.433969 3.6905487 1.0057451 11.425
4.7578812 2.7471404 1.3869303 11.857142
4.6689773 2.9978762 1.3985676 12.251514
4.4675069 3.4511917 1.3651531 12.024194
4.422852 3.6784363 1.3226508 11.928572
4.7675166 2.7144346 1.8363546 13.166667
4.668242 2.9840453 1.8152498 13.548742
4.4781857 3.4292879 1.78671 13.110066
4.4151087 3.7511969 1.6840813 13.1875
4.4277678 -14.917211 2.2857122 12
4.6872749 -14.750935 2.2824807 12
4.7412095 2.7484295 2.1744244 14.333333
4.6513672 2.9989438 2.2202191 14.647667
4.4917512 3.3724709 2.1874657 14.456375
4.4049859 3.7411208 2.2208991 14.6
4.5757136 -14.887657 2.5741203 12.833333
4.704638 -14.745373 2.6267834 12.5
4.749063 2.7760921 2.593065 15
4.653512 2.9749901 2.5734746 15
4.4627171 3.405793 2.6849122 15
4.4384904 -14.90486 2.9733531 13.666667
4.7418585 -14.766034 2.9732363 13.666667
4.5307264 -14.882996 3.411278 15
4.741118 -14.706329 3.3585968 14.666667
4.7565937 -13.908569 3.6290324 15.091249
4.6778541 -13.032717 3.6172652 15.12075
5.1226397 -9.721159 -0.4876976 4.4000001
5.1638298 -9.555851 -0.48576102 4
4.9946003 -8.5872822 -0.51732099 3
4.9940767 -8.1586781 -0.52974617 3
5.0177746 -7.8087602 -0.53897834 3
5.1851134 -7.3758397 -0.54281676 3
4.871438 -6.8704934 -0.54790974 3
4.8909454 -6.5700979 -0.56615907 2
4.9032297 -6.1013279 -0.57207465 2
4.8726463 -4.8888297 -0.60050553 5
4.823967 -3.1010649 -0.41792941 4.3333335
4.9365711 -2.631465 -0.63754886 4
5.0736971 -2.1932962 -0.63640523 4
4.9616256 -1.9346007 -0.63510394 4
5.1671219 -1.1415551 -0.61018276 4
4.969162 2.3101172 -0.57001394 4.5
4.9960465 2.5870152 -0.55601037 4.5999999
4.8257656 2.9389207 -0.47519016 5
5.160305 -7.6483393 -0.24940972 4.75
5.1885772 -7.1044121 -0.0076085404 7
4.9091048 -2.9997382 -0.14977786 5.9333334
4.9629102 -1.0604663 -0.11207696 6.4166665
5.0448313 -0.27677077 -0.22622065 6
5.0922737 1.1468029 -0.29056266 6
5.0534019 2.3928921 -0.28889582 6
4.9558463 2.5875685 -0.23683672 6.2777781
4.8484526 2.9152474 -0.21553476 6.3333335
5.0454965 -7.3283825 0.25322428 8.0683784
5.0054436 -6.9876022 0.19481896 7.7333331
4.9724417 -3.7821279 0.19025096 8.1145
4.9367924 -3.343442 0.02251137 7
4.9927716 -2.9552207 0.20989355 8.0254993
4.9078045 -2.7923846 0.32249478 8.7953329
5.0602331 -1.2142448 0.13742213 7.7120004
4.8605762 -0.89258265 0.19774634 8.0346251
4.8463826 -0.69106078 0.3994436 9.1389999
4.9076605 0.075557232 0.34380558 8.8168325
4.9828963 2.2367601 0.28385168 8.6622505
5.0585036 -7.6664829 0.58712023 10.212408
5.1015801 -7.4189324 0.7489748 11.082701
5.0453367 -4.1627235 0.41996378 9.1129999
4.9567628 -0.81829786 0.40294877 9
4.9228282 -0.70744258 0.48230198 9.4562416
5.1261191 1.8572809 0.69442761 9.9582682
5.03968 2.1773252 0.68751746 10.461538
4.8808126 2.5722759 0.62752861 10.138888
5.030457 -7.7213035 0.87399334 11.3765
5.0939002 -7.4456787 0.88046741 11.630861
5.1084781 1.9016199 1.0246007 11.108772
4.9914136 2.2205184 0.99089491 11.081501
4.8713589 2.5299945 0.97655505 10.9375
5.141748 1.7963618 1.4167479 12.5
5.0043578 2.1809413 1.403501 12.499007
4.8644581 2.5462799 1.4234542 12.498984
5.1376352 1.8654386 1.7775778 13.625
4.9910855 2.2170434 1.7813833 13.5155
4.8554487 2.5591147 1.7840794 13.606529
5.0502601 -14.583607 2.2888505 12
5.1253295 1.8559577 2.1257486 14.6
4.9986115 2.191783 2.1348875 14.331844
4.8456931 2.5496016 2.1763208 14.275917
5.0285287 -14.633128 2.555228 12.714286
5.0128946 -12.938473 2.6860094 13.1215
4.8715587 -12.139736 2.7674975 15.0925
4.9254251 -8.4773388 2.5997615 15
5.0544105 -8.29352 2.5902905 15.030251
5.1248655 1.9372616 2.4479423 15
4.986299 2.2302313 2.4617631 15.025792
4.8406916 2.5638916 2.5319076 15.034556
5.0461612 -14.586781 2.9664781 13.666667
5.0018201 -14.615504 3.4052877 14.5
5.1517277 -13.662062 3.6248584 15.09225
5.0525517 -12.779346 3.6063831 15.12175
5.3820424 -9.8044815 -0.48089951 4.5
5.4185476 -9.3965073 -0.49212164 4.25
5.25981 -8.0937128 -0.52335334 3
5.2668848 -7.8297276 -0.51250982 3
5.5559983 -7.3289986 -0.53710812 3
5.213521 -6.3802524 -0.54461056 4
5.5739117 -2.4879069 -0.57888991 4
5.4367986 -1.8621228 -0.59365201 4
5.3070159 -1.473402 -0.60260522 4
5.2012396 -7.6115236 -0.033248067 6
5.2808166 -7.4799366 -0.20754963 5.1041665
5.308754 -7.1856132 -0.047030967 6.3333335
5.596035 1.2696829 -0.30974203 6
5.3868046 -7.2412186 0.084404558 7
5.5537605 -6.9457154 0.32487249 8.6155005
5.3954263 -6.7481751 0.23694581 8.1164999
5.4497824 -3.8114147 0.205954 8.1149998
5.3878441 -3.5510707 0.20321196 8.1160002
5.4919777 1.3693478 0.3534638 8.6365004
5.2890811 1.9172292 0.18502492 8.1525002
5.4051518 -7.9106369 0.43799621 9.0787859
5.3335824 -7.4525137 0.62452185 10.1115
5.3464508 -6.9704747 0.62542254 10.531688
5.2676067 -4.1217098 0.43381226 9.1134996
5.4802508 1.1512564 0.75387412 10
5.4278603 1.3901576 0.69399828 9.9375
5.3751316 1.7091632 0.66427213 9.9772272
5.2345672 -7.8080654 0.96576279 12.253531
5.3978028 -7.4654884 1.1030595 12.111216
5.5028572 1.058064 1.0270096 11.164824
5.38695 1.3962493 1.0259932 11.583334
5.3095884 1.7804397 1.0065218 11.797667
5.5611215 -8.0274572 1.504866 13.407333
5.5461693 -7.9915657 1.5018377 12
5.4292259 -7.5589609 1.2302117 11.131
5.5192275 1.04308 1.367916 12.401913
5.3910565 1.3828479 1.4149193 12.7322
5.2868257 1.7745627 1.3945252 12.665479
5.5369701 -8.0335512 1.8865976 13
5.5526705 -7.9796848 1.8231026 13
5.5068355 1.0684987 1.7973357 13.720937
5.3788266 1.4204868 1.7781483 13.741136
5.2831407 1.7586783 1.7328373 13.778719
5.435977 -14.407701 2.297812 12
5.5184326 -7.9830203 2.1435184 14
5.5198784 1.0698826 2.1900444 14.893906
5.3815765 1.3796293 2.2116032 14.739166
5.226264 1.7194542 2.1626544 14.358833
5.3724556 -14.464343 2.5862467 12.333333
5.5515771 -14.336726 2.6215858 13
5.3127136 -8.0662498 2.5904946 15
5.508894 -7.8978558 2.528398 15
5.2170162 1.7629399 2.4213939 15
5.2522049 -14.451148 2.9600523 13.666667
5.5231647 -14.331126 2.965688 13.666667
5.2434273 -14.450084 3.4264715 14.666667
5.5133848 -14.322696 3.39991 14.5
5.4009295 -13.394599 3.5983405 15.093
5.426312 -12.530581 3.6006954 15.12275
5.6204762 -9.7377939 -0.47570845 4
5.798254 -9.4401836 -0.48928493 4.5
5.7641678 -8.9609337 -0.5062387 4
5.9179091 -8.5927124 -0.5041461 4
5.8119578 -8.2144775 -0.477662 4
5.6679235 -7.993403 -0.45443043 4
5.7570677 -5.7992129 -0.5708003 3
5.8773279 -4.8787122 -0.60931724 5
5.6734743 -4.4815159 -0.57549125 5
5.7252574 -4.0052643 -0.60788524 5
5.707469 -3.8758833 -0.52952194 5
5.7563982 -3.2376208 -0.50775433 5
5.7476473 -1.5596113 -0.47519517 5
5.6372476 -8.053297 -0.22148412 5.1923075
5.6342111 -7.9930062 -0.13531949 5.75
5.9966111 -5.2275181 -0.16310117 6
5.8039446 -4.5700502 -0.17646632 6.5
5.8396711 -3.0051999 -0.38309994 5
5.8530426 -1.2552325 -0.23202471 6
5.9957361 -8.8751984 0.064467937 6.8000002
5.635366 -8.0270119 0.1870653 7.4444447
5.6823301 -7.9634314 0.32033604 8.2723999
5.6924219 -3.9456179 0.049555533 7
5.8337784 -3.5403252 0.2178809 8.1164999
5.8224597 -3.0901241 0.21156359 7.9729996
5.7186966 0.95158052 0.19172092 8.1494999
5.9855585 -8.8545103 0.60454875 9.5
5.8165436 -4.7300973 0.73930633 10.112
5.8029842 -3.9178758 0.46621653 9.1149998
5.9877381 -0.011658669 0.73401147 10
5.9054465 0.14984098 0.75311524 10.022923
5.7341361 0.54880071 0.76528955 10
5.8212023 1.0897274 0.48947048 9.1424999
5.7235274 1.303104 0.48269653 9.1501665
5.9867172 -8.8294983 1.0074948 11.5
5.7117863 -7.3030715 0.93279004 11.489751
5.8097205 -4.6588001 0.99664283 11.11225
5.905045 0.18401393 1.0055965 11.21192
5.7363853 0.60947663 0.96975327 11.168039
5.641057 0.92835987 0.90848464 11.299999
5.9818249 -8.8615923 1.3041933 13
5.6672797 -8.0700455 1.3483343 12.2657
5.7076573 -7.9480271 1.4369316 13.565818
5.6868091 -7.5186558 1.2348806 12.106
5.9941721 -0.016829586 1.4061579 12.4
5.9050441 0.2033875 1.3780838 12.559524
5.7292204 0.61967778 1.3800563 12.74
5.630003 0.94352114 1.3670082 13.2
5.9609175 -8.8240938 1.7249891 13.827363
5.6571898 -8.0203543 1.7385105 12.333333
5.89819 0.2252257 1.7794572 14.045455
5.7210174 0.6432451 1.774983 13.852039
5.6177721 0.97177303 1.7706621 14.5
5.7893829 -14.247252 2.3079059 12
5.8767614 -8.7451935 2.3285182 14.101
5.7264013 -8.1622572 2.2615514 14.0463
5.8009129 -7.924643 2.2712309 14
5.9063282 0.21265583 2.0826049 15
5.7454791 0.573129 2.1772783 15
5.6428905 0.8118577 2.2842205 15.1505
5.7785459 -14.27021 2.522408 12.666667
5.8562775 -8.6979942 2.5664783 14.61525
5.6790199 -8.3247499 2.5729918 15.1015
5.8063159 -7.7807298 2.5480735 15
5.7347107 -14.214568 2.905122 13.666667
5.7604675 -14.199681 3.3864837 14.4
5.8350687 -12.236759 3.5944657 15.123875
5.6835351 -10.966752 3.2786839 15.12525
5.9086003 37.007622 6.3601041 12.164
6.0180101 -11.146476 -0.52142149 6
6.0438237 -9.2646751 -0.48938146 4
6.095408 -8.914669 -0.47835895 4
6.3541121 -8.568697 -0.49129918 4
6.3067412 -7.7169127 -0.49096927 4.4000001
6.3147659 -4.5120077 -0.57847548 5
6.3087554 -9.3708229 -0.088813618 6
6.1010404 -8.990943 -0.1651801 5.6944447
6.2692704 -4.4302511 -0.15682316 6
6.1290398 -3.2602355 -0.28900325 6
6.1711488 -1.432004 -0.19845724 6.1666665
6.3195558 -0.9259038 -0.12686697 6.5
6.3240075 -9.4115915 0.195981 7.4117646
6.0981946 -8.9726191 0.17983299 7.3870969
6.2903767 -4.6224651 0.34310913 8.6304998
6.3104997 -0.96861589 0.23588529 8
6.371623 -0.78268647 0.23702285 8
6.0220051 0.24289846 0.22681531 8.1394997
6.2980413 -9.3763609 0.68639517 9.6500006
6.0956693 -8.9842234 0.65010893 9.6470585
6.3095016 -4.654994 0.42808446 9.129199
6.0512533 -3.6580517 0.47960907 9.11625
6.3900967 -3.5390978 0.5011068 9.1169996
6.3062196 -0.96086538 0.67681521 10
6.3591824 -0.55452621 0.67214698 9.75
6.2359614 -0.22984089 0.59453458 9.4285717
6.3359442 -9.4412289 0.99395132 11
6.1304884 -9.0134497 0.99667329 11.277778
6.3899183 -1.2085574 0.96078986 11
6.3302078 -0.9936797 0.95784652 11.188643
6.3620934 -0.57438248 1.02767 11.230769
6.2120609 -0.15405478 0.98600537 11.124244
6.0484357 0.022973971 0.97504896 11.5
6.3964257 -9.619441 1.4645253 13
6.3023386 -9.4034634 1.3896034 12.770834
6.0915346 -8.9895601 1.3282366 12.733334
6.197041 -7.8305707 1.2645512 11.011416
6.3949075 -1.2243991 1.2120651 12
6.322196 -0.99679619 1.3487359 12.771366
6.340127 -0.58074009 1.428027 12.855055
6.2058721 -0.16357116 1.3660318 12.592592
6.0524225 0.027076215 1.4463981 13.1
6.3732734 -1.2064896 1.721764 14
6.318574 -1.0107906 1.7905529 14.505485
6.3334594 -0.57637465 1.8017781 14.272793
6.1814227 -0.12442304 1.7661257 14.079365
6.057817 0.037441485 1.8129673 14.333333
6.1881719 -14.065153 2.3212643 12
6.2697978 -9.6470966 2.2921658 13.1285
6.2574415 -9.0816689 2.2061427 13.1295
6.1626077 -7.7234817 2.2786193 14.018929
6.2873597 -0.92551637 2.0141425 15
6.363914 -0.57659054 2.0715625 15
6.2141461 -0.1888133 2.111062 15
6.0708151 0.019328654 2.0773134 14.875
6.1149116 -14.130325 2.5229325 12.5
6.3685799 -13.980149 2.5567441 13
6.2844801 -9.6629639 2.695487 14.1285
6.0585299 -9.1380434 2.5645201 14.129
6.1371856 -7.6341243 2.5959671 15
6.1745744 -7.5251546 2.6672606 15.063
6.0975885 -14.093363 2.9567871 13.4
6.3349309 -13.94901 2.9280236 13.666667
6.2882824 -9.6878986 2.9551241 15.1
6.0646763 -9.1881275 2.8141432 15.1005
6.142776 -14.066096 3.4479585 14.4
6.3249764 -13.948521 3.3935368 14.666667
6.0320606 -11.727111 3.325927 15.096251
6.2553053 -12.924356 3.6255727 15.095125
6.7454658 -11.113782 -0.45004678 5
6.7968407 -10.630836 -0.43287468 5
6.6805992 -10.294376 -0.41243827 5
6.497396 -7.6226721 -0.48261955 4
6.7412648 -7.53057 -0.50843263 4
6.7869844 -4.7925444 -0.43640119 5
6.7185946 -4.2019725 -0.61158001 5
6.5597296 -3.9533393 -0.57910877 5
6.6936178 -2.2338147 -0.46831816 5
6.6803112 -10.088611 -0.14305744 6
6.571619 -9.8373251 -0.15067869 5.9230771
6.4226933 -8.914011 -0.19513482 5.5
6.5526748 -7.6861897 -0.090127796 6
6.4596477 -4.6138577 -0.12830578 6.375
6.6995502 -2.2120357 -0.33773848 5.7857141
6.6990633 -1.9902642 -0.29951286 6
6.6509757 -1.4096098 -0.12273069 6.5
6.6515598 -1.1845024 -0.0039509013 7
6.6785178 -10.196833 0.1806574 7.2941175
6.5061984 -9.8120623 0.20657395 7.4545455
6.6894321 -1.3751547 0.24743192 8
6.6526589 -1.1913288 0.24572587 8
6.4337749 -0.65387774 0.23837858 8
6.6990571 -10.278849 0.63481009 9.1333332
6.5007315 -9.8365145 0.66640902 9.3999996
6.629818 -3.4530015 0.79018027 10.1175
6.6701388 -1.3203368 0.60167766 9.5958338
6.500422 -1.1837498 0.69806093 10
6.4314013 -0.68939352 0.61429411 9.5
6.6653118 -10.197289 0.98965979 10.488973
6.4806929 -9.7970943 1.0251362 10.7302
6.5640697 -3.5314572 0.88396239 11.135
6.7358379 -1.3786169 0.94560051 10.916667
6.4343057 -0.6452145 1.0461073 11.571428
6.6498985 -10.197264 1.3405024 12
6.4785962 -9.8070135 1.277792 11.850166
6.5573869 -7.6331139 1.3330476 12.256072
6.7794151 -7.4730539 1.2798902 11.1055
6.6253815 -1.3224729 1.4026549 12.720881
6.6298432 -1.1756396 1.5075635 13
6.4252458 -0.66095656 1.45752 13.055555
6.6874847 -1.3252991 1.805324 14.277824
6.5837173 -1.1669613 1.7561011 14.095333
6.4337225 -0.66076905 1.7215116 14.5
6.5933523 -13.886074 2.3375549 12
6.6763182 -10.41959 2.3581808 14.1
6.6920671 -8.6042337 2.204195 13.13125
6.5721397 -7.4915452 2.3143857 14.070251
6.7234144 -1.3345897 2.0589943 15.013909
6.5397635 -1.1502723 2.0214865 14.971849
6.4163022 -0.68182564 2.028784 15
6.6390343 -13.895978 2.5405879 12.5
6.6998472 -10.486236 2.7241435 15.1
6.5890393 -7.3990645 2.6498981 14.904428
6.5971847 -13.868904 2.9766996 13.4
6.5416985 -10.247263 2.9786954 14.61375
6.648387 -13.810872 3.4349663 14.285714
6.6980581 -13.386631 3.3756056 14.062
6.4354081 -12.625323 3.2792628 14.1245
6.6862035 -11.603214 3.5930822 15.12625
7.0873504 -11.32556 -0.42403534 5
6.899241 -10.981301 -0.43984222 5
7.0624719 -10.786194 -0.40133354 5
7.1157227 -10.37866 -0.44326964 5
7.1589403 -7.3013849 -0.50085348 5
7.069901 -6.1170464 -0.54907405 4
7.0789165 -5.8542471 -0.55531216 4
6.9399376 -1.8128865 -0.50037777 5
6.9515634 -10.863251 -0.39748022 5
6.909101 -10.679678 -0.28164047 6
6.9975753 -9.5430212 -0.35647786 5
6.9249105 -3.8840179 -0.03067923 7
6.9675689 -2.8814659 -0.31681105 6
6.9355888 -1.8602549 -0.26374322 6
7.1810627 -11.300895 0.23671491 7.5
7.0270505 -10.967879 0.23812051 7.5
6.8770857 -10.645463 0.25817764 7.5600004
7.0404282 -2.0389757 0.26015967 8
6.9317341 -1.8305222 0.088540204 7.3333335
6.8025799 -1.5195937 0.00063038617 7
7.1776667 -11.351302 0.59980965 8.7142859
7.0377402 -11.040756 0.65776306 9
6.8639808 -10.646806 0.64345902 9.0166664
7.1561532 -2.3047485 0.77645361 10
6.9206924 -1.8163369 0.50724781 9
6.8073282 -1.4937799 0.69692457 10
7.1785774 -11.349663 0.96401453 10
6.9901991 -10.93012 0.99689269 10.213267
6.8545856 -10.62777 1.0216876 10.42564
7.1543827 -7.3603783 1.1873434 12.11525
7.1571307 -2.6184814 0.9475835 10.666667
6.9801993 -2.2351623 0.97474575 10.857142
6.9028282 -1.7513969 0.97698212 10.933333
6.8260851 -1.5365803 1.0402695 11.770875
7.1470733 -11.281906 1.2995765 11.2
7.0470815 -11.067598 1.3876354 11.615385
6.8606453 -10.662566 1.3883381 11.875
6.9725065 -7.4371643 1.3407912 12.753364
7.1368155 -2.5872149 1.3843315 12.44005
6.9382515 -2.1921647 1.3385699 12.385764
6.9259729 -1.7910199 1.4211942 12.659154
6.8261909 -1.542455 1.3758664 12.708349
7.1424866 -2.5979779 1.796298 13.963449
6.9740763 -2.2309096 1.8516053 14.34845
6.9199386 -1.8196214 1.8252372 14.281005
6.8334732 -1.5433983 1.7460792 14.234863
6.8525696 -13.771105 2.3491766 12
7.0701489 -11.292002 2.3788669 15.102
7.0123963 -10.9931 2.3500001 15.074227
7.077064 -10.732647 2.3255119 15
7.0526576 -8.1640244 2.2019691 13.044083
7.0488176 -7.3318739 2.294054 14.90865
7.1507797 -2.608928 2.1007149 14.95925
6.9924655 -2.2683127 2.0674291 15.0375
6.895967 -1.7617862 2.0448074 15
6.8196197 -1.4973463 2.0280957 15
6.9974041 -13.722386 2.5643442 12.666667
7.1671185 -11.478634 2.4834085 15.101001
7.0144219 -7.3128319 2.5412376 14.283751
6.991374 -7.0976868 2.6933112 15.104063
6.9742908 -13.696972 2.9721358 13.333333
7.1641111 -13.562255 3.0192416 14
7.1416564 -11.634203 3.1943276 14.127
7.100297 -11.381275 2.9845233 15.099
6.8420882 -10.85049 2.8841102 14.7755
7.1766372 -7.0878811 2.824105 15.1355
6.843698 -13.74169 3.4755344 14.8
6.9593711 -13.456932 3.3944945 14.8
7.0329819 -11.466748 3.539032 15.11275
6.8229122 -10.88114 3.3784263 15.11325
6.945776 -12.405705 3.6315212 15.097
7.1264505 -12.265327 3.6346948 15.0975
7.0821548 43.137283 7.2361693 12.163501
7.2540903 -10.764078 -0.4124234 5
7.4027486 -10.009611 -0.44949675 5
7.2090306 -2.403919 -0.50156528 5
7.2918582 -11.520507 -0.23466784 6
7.4529257 -5.960084 -0.25970402 5.5
7.4412346 -4.5166616 -0.34111616 6
7.4348016 -2.8303671 -0.32133988 6
7.3557391 -2.6409707 -0.32219017 6
7.3356233 -11.642676 0.24277341 7.5
7.2141171 -11.386825 0.12765414 7
7.3933725 -7.2774954 0.075324088 7
7.593636 -7.1909223 0.047695816 7
7.4453807 -5.9399176 0.07266973 7
7.517561 -12.057352 0.4322325 8.0985003
7.2953682 -11.618416 0.6901961 9
7.2558756 -11.505686 0.59588039 8.599
7.4599776 -5.9698048 0.40687752 8.623167
7.546526 -3.7274446 0.75187337 10
7.3916373 -3.1835926 0.79612422 10
7.2962418 -11.614471 0.9902733 10
7.2213082 -11.466276 1.1413459 10.099
7.4276848 -7.252183 1.0951689 11.245875
7.58567 -3.6396699 1.084318 11
7.4810386 -3.4146595 1.0543456 10.956062
7.3298402 -2.9798911 1.0156555 10.9
7.2239189 -2.5949488 1.0454087 11
7.3021436 -11.615051 1.2932936 11
7.2382812 -11.452444 1.2648821 11
7.2406607 -7.2976761 1.4186286 13.117
7.5314407 -7.1691594 1.2739288 11.781001
7.5569596 -3.6283867 1.4023455 12.039166
7.4958591 -3.3689127 1.4273409 12.574321
7.3197455 -2.9913065 1.4084094 12.37691
7.2164879 -2.7634914 1.4889898 13
7.5878248 -3.6830473 1.8541094 13.465167
7.4896626 -3.387763 1.7961603 13.70252
7.3470392 -3.0196245 1.8332963 13.682
7.2255044 -2.7739837 1.8907517 14.590625
7.3200502 -13.564698 2.3723385 12
7.3192964 -10.559664 2.3294506 15.041899
7.4935737 -10.201658 2.3272033 15
7.242424 -9.2344732 2.2555089 13
7.4167976 -9.0587616 2.2620227 13
7.3362241 -7.7980652 2.2020676 13
7.5804629 -7.4353538 2.1997716 13
7.4735732 -7.0889244 2.3779638 14.776334
7.498476 -3.3980031 2.1605546 14.900437
7.3122373 -2.9695711 2.1539218 15.024083
7.2320123 -2.7757001 2.0732279 15.054562
7.2749076 -13.656279 2.5377653 12
7.3900166 -13.517321 2.6036434 13
7.3115592 -11.811969 2.578495 15.100499
7.3608394 -7.2138338 2.5071833 14.1355
7.451653 -7.0110068 2.6217744 14.544188
7.2873998 -5.5982738 2.5573864 15.126
7.4144897 -13.491515 3.0040324 13.303643
7.3344097 -11.89996 3.1371374 15.0985
7.4282031 -6.9681869 2.8551855 15.043292
7.3778553 -13.499963 3.4940052 14.333333
7.5656905 -12.47676 3.3416274 14.774166
7.242609 -12.041883 3.6098387 15.098
7.6717734 -10.643875 -0.43488565 5
7.9765706 -10.260506 -0.44318303 5
7.7742023 -9.4149704 -0.45819592 5
7.8943653 -6.3409901 -0.41584671 5.3333335
7.8903208 -13.375998 -0.12253603 7
7.9357476 -11.420979 -0.32832479 6
7.6192555 -10.924552 -0.20043249 6
7.6996021 -4.2414761 -0.033636995 7
7.7473297 -13.409963 0.35862666 8.0970001
7.7757273 -7.0999808 0.21917133 7.6666665
7.8591223 -6.4726772 0.31400251 8.1210003
7.7885509 -6.1683187 0.18705547 7.5
7.8979306 -3.9944379 0.0077625588 7
7.8234887 -7.0057049 0.5944159 9.2478647
7.8051286 -6.6299987 0.62556493 9.46945
7.7215624 -6.1856155 0.60699224 9.352458
7.7751698 -5.9928656 0.654423 9.6230001
7.7913857 -4.5545368 0.50544423 9.1274996
7.684989 -4.2018723 0.69937557 9.9077768
7.8332362 -3.9128432 0.77530622 10
7.6927166 -13.446144 0.92495883 9.1112499
7.8750834 -7.0141759 0.99964291 10.825157
7.8603392 -6.0421686 0.95715702 10.618626
7.9997377 -4.5015516 1.1505744 11
7.8770242 -4.1977496 1.0281948 10.931962
7.7629061 -3.7906892 0.97685176 10.857142
7.7587008 -7.0627346 1.2721797 12
7.9968362 -4.4560509 1.5343212 13
7.8595099 -4.1539407 1.3990277 12.348909
7.7228947 -3.7722778 1.3934993 12.385567
7.6131892 -3.5367835 1.3234826 12.0775
7.9771338 -13.236591 1.7599727 11
7.8522515 -4.1403265 1.8030277 13.677017
7.7253294 -3.765449 1.8072603 13.9577
7.6247435 -3.5559542 1.7786363 13.5775
7.8020902 -11.948339 2.3630824 14.10125
7.9792771 -10.858266 2.2543569 12.1295
7.6818948 -10.219123 2.329689 15.1065
7.7615757 -9.8039932 2.3173947 15.067395
7.9313889 -9.4018202 2.3096671 15.108626
7.6087742 -8.8082418 2.2634704 13
7.8227663 -8.4865732 2.2624245 13
7.9983606 -8.1850815 2.2592628 13
7.7107172 -7.1413536 2.1888385 13
7.9678082 -4.4994011 2.2256243 14.13
7.8429728 -4.1071029 2.1204891 14.826324
7.6835914 -3.7881672 2.1895676 14.93019
7.6199756 -3.5674856 2.2425456 15.0775
7.7838192 -13.340092 2.6272767 13
7.8992748 -13.140203 2.6110737 13
7.6014433 -12.491228 2.4670203 13.098
7.8114953 -6.9745998 2.4815829 14.741166
7.8264704 -6.6763558 2.7442579 15.06975
7.952661 -4.4931407 2.5671322 15.13
7.8646617 -4.1546082 2.4852295 15.079499
7.7800021 -13.267204 3.05774 14
7.9014931 -13.140678 3.0535212 14
7.7944355 -6.7440128 2.8368416 15.116625
7.7399368 -13.283398 3.5090134 15
7.8767042 -13.109648 3.4965203 15
8.2290478 -9.6094255 -0.44427148 5
8.2286005 -6.8951416 -0.46329129 5
8.3887653 -6.7851701 -0.47653735 5
8.3060522 -5.6629677 -0.44611922 5
8.0064983 -13.277484 -0.3813979 6
8.0672235 -13.25508 0.04291781 7
8.1433449 -6.898592 0.17055959 7.5085225
8.0421705 -13.253554 0.47161481 8
8.119278 -13.082483 0.46936262 8
8.016654 -13.237988 0.89932632 9
8.237381 -13.083275 0.90172577 9
8.1679306 -6.8819866 1.0090165 10.809125
8.1165247 -6.4692469 1.0608162 11.121
8.0805922 -5.8321967 1.1220565 11.1195
8.1449776 -4.8159704 1.1766849 11
8.1197042 -4.7854929 0.96741462 10.1145
8.0418806 -13.232162 1.3312708 10
8.2790785 -13.111355 1.338438 10
8.1574144 -6.9009361 1.279212 11.847799
8.3863945 -5.3855438 1.5272574 12
8.2526436 -5.0307522 1.4880834 12.313422
8.0375891 -4.5563149 1.4946203 12.512542
8.2764196 -13.154496 1.7791291 11
8.3898926 -5.3821774 1.8328012 13
8.2194786 -4.9601316 1.8171531 13.621555
8.0573874 -4.5783629 1.7551793 13.025083
8.0127726 -13.226813 2.1997621 12
8.1035013 -11.744212 2.3650856 14.10275
8.2500591 -11.38869 2.3558629 14.1035
8.1968145 -10.754189 2.2687361 12.13
8.1042824 -9.3816414 2.3135676 15.109876
8.2975025 -8.9362516 2.3289959 15.111101
8.3368282 -8.6460609 2.3189421 15.111751
8.0766602 -8.0770693 2.2613683 13
8.1799192 -7.8030152 2.2893462 14
8.3314657 -7.4230824 2.2835202 14
8.3400068 -5.3481092 2.1808004 13.810375
8.2176304 -4.9680963 2.1701505 14.736523
8.0494795 -4.6092734 2.1847169 14.367458
8.3138523 -6.7217464 2.5410604 15.056376
8.3387461 -5.3205171 2.5499279 15.042834
8.2419949 -5.0185933 2.6645696 15.11225
8.0727205 -4.6421227 2.5748169 15.113
8.0692101 -6.6747656 2.9130402 15.127
8.3982306 -5.5245018 2.8099241 15.128
8.5495949 -7.7970071 -0.490585 5
8.6821594 -7.0982451 -0.49922097 5
8.717947 -5.8354139 -0.47534123 5
8.4347935 -13.223645 -0.12233156 7
8.6195593 -12.747084 -0.31281772 6
8.7108345 -10.011917 -0.22940987 6
8.6904297 -9.9488983 -0.22800262 6
8.6580143 -5.6822052 -0.20559648 6
8.509203 -5.5802341 -0.20097911 6
8.789011 -10.231764 0.38766113 8.1075001
8.663002 -9.8631868 0.20793703 7.4285712
8.5975122 -6.7553148 0.19063307 7.5597
8.6526661 -5.6461177 0.18787855 7.5
8.7399426 -10.193034 0.62108129 8.8223562
8.6922235 -9.8945646 0.56587809 8.5714283
8.628232 -5.6352148 0.58336425 9
8.6684084 -6.687983 1.1297938 11.119
8.6468668 -5.7141151 0.97669643 10.333333
8.4526157 -5.2254786 0.81279069 10.1245
8.549449 -13.10111 1.4156018 10.108167
8.6254997 -6.6678686 1.3342454 11.809999
8.7375135 -6.2024841 1.5238248 12.416666
8.644453 -5.7461295 1.4391285 11.754499
8.4225388 -5.3602524 1.3427931 11.358001
8.750988 -12.9213 1.9362599 12.101001
8.7585125 -6.5242882 1.8243823 13.176888
8.7144108 -6.2587934 1.8289798 13.245999
8.6976633 -5.8005605 1.8780547 13.166667
8.4532795 -5.2920079 1.9292655 13.074
8.7677031 -12.930532 2.3178034 13.101001
8.4144421 -11.410307 2.3578029 14.1045
8.5828419 -11.033222 2.355288 14.105326
8.6821804 -10.600801 2.3272607 13.612437
8.6654797 -10.250463 2.2700422 12.1315
8.4599018 -8.6488342 2.3206687 15.112875
8.4503822 -8.2173347 2.2982874 15.071
8.5406313 -7.8113031 2.2842193 15.0464
8.6317654 -7.3996353 2.2749841 15
8.608798 -7.0317159 2.2750611 14.647058
8.6616869 -6.6025672 2.2486272 14.808499
8.7154236 -6.2823882 2.2501025 14.704999
8.6939011 -5.7789283 2.2334025 14.333333
8.4275351 -5.409616 2.1982677 14.024667
8.5794754 -6.5497007 2.5283656 14.4597
8.7626143 -6.2001114 2.5857034 14.845999
8.6923018 -5.7477102 2.5682368 14.914701
8.4402914 -5.4280128 2.5391643 15.024667
8.6817503 -6.2752419 2.9144554 15.052141
8.7323799 -5.9001598 2.9490447 15.129749
8.4291325 -5.466476 2.8222973 15.1325
8.9541092 -8.2086849 -0.47863218 5
8.9503479 -6.7895737 -0.48022655 5
8.8479042 -6.155107 -0.47555766 5.5
9.1553173 -8.2467241 -0.30600408 6
8.8669233 -6.702868 -0.23412542 6
8.8539066 -6.0960441 0.061308905 7
8.9505882 -12.961634 0.48557925 8.0994997
8.9350052 -12.96108 0.95830345 9.1090002
8.9519348 -12.87684 1.4244184 10.0995
8.863224 -6.2061667 1.4299197 12
8.938983 -12.867989 1.9482743 12.1017
9.1406422 -6.8552995 1.7814596 13.11975
8.8307152 -6.6391225 1.8061041 13.413666
8.8409319 -6.1690917 1.8235084 12.861112
8.9898586 -12.832586 2.3284302 13.10185
9.1845684 -12.747213 2.3336501 13.10275
8.9788876 -11.482739 2.3255551 12.1015
8.8848286 -10.667324 2.3480997 14.10725
9.0303116 -10.188568 2.3345807 14.108299
9.0986481 -9.8104906 2.2976298 13.076584
8.8580198 -6.6692305 2.001843 14
8.8386631 -6.1507235 2.2853293 14.5
8.824584 -6.4150381 2.5058038 14
8.862957 -6.1387224 2.5558653 14.51825
8.8653555 -6.1015677 2.9194748 15.068166
8.9370203 34.01004 4.7916532 11.1605
9.1474781 32.110176 5.2828817 12.127
9.1560869 32.708172 8.534585 14.16
8.9339838 33.177456 9.1907444 15.1275
9.41782 -9.8741798 -0.21298349 6
9.2941065 -9.8059254 0.1022919 7
9.330513 -9.7977467 0.41597643 8
9.4640865 -12.656852 0.92237681 9.1005001
9.4372082 -7.4849768 1.9309514 13.31705
9.4251957 -12.640284 2.3705771 13.103
9.4062605 -11.060364 2.3388405 12
9.2628288 -9.8310299 2.3275163 14.110126
9.3954973 -9.4168701 2.3226347 12.738
9.5275221 -8.8927794 2.2965558 13.584374
9.5202446 -8.0257006 2.2274981 13.613251
9.4924116 -7.6719809 2.1740222 14.016451
9.3767347 -7.3248963 2.0632758 13.415151
9.2609997 -7.0770531 2.0722666 13.490938
9.4149055 34.93924 8.33288 14.1275
9.4709301 33.103317 9.4001579 15.00225
9.5704775 33.220699 9.247654 15.127
9.705739 -8.1147089 1.8946263 12.1105
9.6758356 -12.609104 2.1234319 11.1295
9.9247017 -12.179179 2.3990581 13.1045
9.8109932 -10.573229 2.3461027 12
9.6586285 -8.8878374 2.2612119 12
9.7354422 -8.6072407 2.3085363 13.1975
9.7613478 -8.3046312 2.3069227 13.827643
9.693305 -12.483025 2.4007664 13.1035
9.9653368 -12.293365 2.401355 13.105
9.7845945 32.333588 4.6342931 11.1595
9.7627754 34.483433 4.8899226 11.16
9.668334 32.048103 5.8614783 12.1595
9.8945704 35.117813 7.73032 13.16
9.9860306 33.085541 8.2808571 14.0085
9.9351082 34.542511 8.2927876 14.0655
9.7394562 32.441944 8.5243025 14.1595
9.7990818 34.149097 8.4998102 14.0005
10.101668 -10.569935 -0.28985363 6
10.115835 -10.295977 0.44630733 8.1099997
10.267063 -9.4144049 1.908553 11.135
10.139776 -9.0385571 1.8654526 11.1355
10.155677 -10.025823 2.3433855 12
10.269371 -9.8427887 2.343343 12
10.045083 -12.030885 2.400512 13.105
10.001015 32.639103 6.6476994 13.0035
10.01416 35.425957 6.4017863 12.16
10.191933 33.795135 7.5036497 13.1595
10.214299 33.37682 8.0789795 14.0035
10.003738 32.763977 9.2254734 15.0035
10.735624 -10.371872 0.83038974 9.1105003
10.793047 -10.495759 1.9661108 12
10.560532 -10.997161 2.3660567 13.074769
10.777967 -10.593971 2.3549199 13
10.725255 -10.340967 2.3206847 13.1105
10.60709 32.838154 5.4604611 12.126
10.440399 33.964565 5.923851 12
10.742186 32.902634 7.9700961 14.126
10.461102 34.170853 8.5578289 14
10.659939 34.882172 10.105737 15
10.963287 -10.820288 0.85946095 9
10.874412 -10.683148 0.83702707 9.0654001
11.192147 -11.317564 1.2897512 10.108749
11.027822 -10.953042 1.2501954 10.046499
10.858253 -10.589047 1.2215066 10
11.197172 -11.313179 1.6910036 11.108749
11.007117 -10.888846 1.6371228 11.046607
10.854721 -10.592269 1.7919581 11.5
11.185932 -11.329798 2.0986829 12.108299
11.030088 -10.983431 2.045332 12.0651
10.874619 -10.661985 2.1838081 12.5
10.91917 31.872227 4.1328583 11.1255
11.15858 32.178944 4.4711637 11.179
11.179442 32.272064 5.4227877 12.0025
11.076594 32.004555 5.6625352 12.179
10.877302 31.795101 7.1846066 13.1585
10.87081 35.771996 7.5056844 13.0085
11.136399 32.194439 7.8443003 14.1255
11.286569 -11.663677 1.3050389 10
11.229817 -11.386368 1.2840638 10.108
11.298913 -11.663692 1.7253165 11
11.229865 -11.379443 1.6956486 11.107999
11.29823 -11.656287 2.147783 12
11.442126 32.962448 4.2779598 11.0025
11.265003 32.529491 5.4471617 12.1255
11.319468 31.138096 6.7231054 13.007
11.211319 34.649654 7.3315639 13.008
11.406622 37.12698 7.8741832 13
11.266599 32.623131 8.0033875 14.0025
11.461142 33.524429 8.9179516 14.1585
11.381218 32.920818 9.3174944 15.1255
11.748315 13.553945 2.6226165 11.1525
11.896752 34.706108 3.2074096 10.1255
11.884001 34.481613 5.0049462 11.1585
11.653219 33.767574 8.5706863 14.179
11.611478 35.910351 9.0163469 14.008
11.935845 34.639198 10.167904 15.179
11.883581 36.42038 10.248719 15.126
12.336029 34.038963 3.1651266 10.125
12.010432 32.809807 3.5074418 10.158
12.146348 33.153145 5.9094229 12.1785
12.081174 33.372051 5.6161356 12.125
12.238862 31.763718 6.9079628 13.0065
12.079138 33.211632 8.4923801 14.007
12.270776 33.605225 8.5915661 14.1785
12.491503 34.163376 5.0030713 11.158
12.4738 32.286903 5.7159581 12.0065
12.685028 32.840782 5.8996525 12.178
12.494926 34.063694 5.7613497 12.002
12.583105 30.952278 6.7975221 13.006
12.411143 33.943951 8.3814411 14.002
12.448681 34.276031 9.176755 14.158
12.687613 34.741489 9.9702129 15.002
12.483793 34.354649 10.194972 15.007
12.668912 34.742107 10.270819 15.1785
12.527843 36.260513 10.32831 15.0025
13.049549 33.657974 4.6010714 11.0065
12.863008 34.995979 4.5724711 11.002
12.902201 31.650295 5.6581511 12.006
12.84458 33.352695 8.592886 14.092251
12.943976 33.665657 10.078425 15.0065
13.553321 9.0486507 3.8070238 13.1475
13.279931 34.533813 10.284445 15.178
13.718654 8.6813726 0.99434668 9
13.763331 8.6496487 1.6728778 10
13.715153 8.6918316 2.3532023 11
13.647386 9.1400776 3.1250083 12.1475
13.661218 33.583775 8.7242279 14.006
14.252377 8.0890141 1.0880365 9.1684999
14.702665 7.1898022 1.4288219 10.103
15.133468 6.5162082 1.0988616 9.1555004
15.146698 6.1471734 1.4270579 10.101
15.024527 6.5576291 1.4312063 10.101749
17.559731 0.68171692 1.1699616 9.1295004
17.581556 0.69894028 1.8082626 10.1295
18.873291 54.034103 5.6113424 10.1585
19.821106 -4.5829062 4.1978569 13.1415
20.327017 -5.4426656 4.8415761 14.0825
